shot_idx,shot_serial,shot_start_time,GlobalLatticeVariables2.isUnloadReloadBI,GlobalLatticeVariables2.Dmd0SecondPatternFilename,GlobalLatticeVariables2.ThirdDMD1RampPower,GlobalLatticeVariables2.PhysicsSplitXbarRampTime,LocalVariables.ShotTypeID,GlobalLatticeVariables2.BandGapMeasurementModulationFrequency,GlobalLatticeVariables2.UnloadLatticeDMD1Power,GlobalLatticeVariables2.CleanupBandInsulatorGradientRampTime,LocalVariables.DMDID,GlobalLatticeVariables2.LoadingGradientDimpleLoadingPower,GlobalLatticeVariables2.PhysicsSplitRadialLoadingField,LocalVariables.ImagingBlowOutID,LocalVariables.DMDID2,GlobalLatticeVariables2.CleanupBandInsulatorAccordionPower,GlobalLatticeVariables2.FinalStateGradientCurrent,GlobalPulseVariables2.LatticeMicrowaveDuration,GlobalLatticeVariables2.LoadWithDmd1InitialPower,GlobalScienceChamberEvaporationVariables2.AllDipoleEvaporationRedSheetFinalPower,GlobalLatticeVariables2.FourthDMD0RampPower,GlobalLatticeVariables2.SecondDMD1RampPower,GlobalLatticeVariables2.LoadingGradientHighBiasEvaporationDimpleFinalPower,GlobalLatticeVariables2.LoadWithDmd0InitialPower,GlobalLatticeVariables2.LatticeFreezeRampTime,GlobalLatticeVariables2.LatticeDMDPreQuenchHoldTime,GlobalLatticeVariables2.PhysicsSplitYInitialPower,GlobalLatticeVariables2.CleanupBandInsulatorRampTime,GlobalLatticeVariables2.CleanupBandInsulatorGradientCurrent,GlobalLatticeVariables2.CleanupBandInsulatorDmd1Power,GlobalLatticeVariables2.LoadingGradientLatticeHoldingTime,GlobalPulseVariables2.LatticeMicrowaveFrequency,GlobalLatticeVariables2.PhysicsSplitXbarInitialPower,GlobalLatticeVariables2.LoadWithDmd1RampUpTime,LocalVariables.XbarFrequency,LocalVariables.ScanID4
0,0,2025/03/22 21:37:31,0,b'250316_dmd0_iterative_compensation_pinning.pkl',2.0,100.0,0.0,100.0,14.0,30.0,0.0,18.0,590.0,0.0,0.0,0.975,10.0,1.0,12.0,22.0,7.26,10.0,35.0,28.0,30.0,0.0,163.4945,200.0,93.0,14.0,40.0,228.2,174.746,5.0,773.0,0.0
1,1,2025/03/22 21:37:49,0,b'250316_dmd0_iterative_compensation_pinning.pkl',2.0,100.0,1.0,100.0,14.0,30.0,0.0,18.0,590.0,2.0,0.0,0.975,10.0,1.0,12.0,22.0,7.26,10.0,35.0,28.0,30.0,0.0,163.4945,200.0,93.0,14.0,40.0,228.2,174.746,5.0,773.0,0.0
2,2,2025/03/22 21:38:08,0,b'250316_dmd0_iterative_compensation_pinning.pkl',2.0,100.0,2.0,100.0,14.0,30.0,0.0,18.0,590.0,1.0,0.0,0.975,10.0,1.0,12.0,22.0,7.26,10.0,35.0,28.0,30.0,0.0,163.4945,200.0,93.0,14.0,40.0,228.2,174.746,5.0,773.0,0.0
3,3,2025/03/22 21:38:26,0,b'250316_dmd0_iterative_compensation_pinning.pkl',2.0,100.0,3.0,100.0,14.0,30.0,0.0,18.0,590.0,2.0,0.0,0.975,10.0,1.0,12.0,22.0,7.26,10.0,35.0,28.0,30.0,0.0,163.4945,200.0,93.0,14.0,40.0,228.2,174.746,5.0,773.0,0.0
4,4,2025/03/22 21:38:44,0,b'250316_dmd0_iterative_compensation_pinning.pkl',2.0,100.0,4.0,100.0,14.0,30.0,0.0,18.0,590.0,1.0,0.0,0.975,10.0,1.0,12.0,22.0,7.26,10.0,35.0,28.0,30.0,0.0,163.4945,200.0,93.0,14.0,40.0,228.2,174.746,5.0,773.0,0.0
5,5,2025/03/22 21:39:03,0,b'250316_dmd0_iterative_compensation_pinning.pkl',2.0,100.0,5.0,100.0,14.0,30.0,0.0,18.0,590.0,2.0,0.0,0.975,10.0,1.0,12.0,22.0,7.26,10.0,35.0,28.0,30.0,0.0,163.4945,200.0,93.0,14.0,40.0,228.2,174.746,5.0,773.0,0.0
6,6,2025/03/22 21:39:21,0,b'250316_dmd0_iterative_compensation_pinning.pkl',2.0,100.0,6.0,100.0,14.0,30.0,0.0,18.0,590.0,1.0,0.0,0.975,10.0,1.0,12.0,22.0,7.26,10.0,35.0,28.0,30.0,0.0,163.4945,200.0,93.0,14.0,40.0,228.2,174.746,5.0,773.0,0.0
7,7,2025/03/22 21:39:40,0,b'250316_dmd0_iterative_compensation_pinning.pkl',2.0,100.0,7.0,100.0,14.0,30.0,0.0,18.0,590.0,2.0,0.0,0.975,10.0,1.0,12.0,22.0,7.26,10.0,35.0,28.0,30.0,0.0,163.4945,200.0,93.0,14.0,40.0,228.2,174.746,5.0,773.0,0.0
8,8,2025/03/22 21:39:58,0,b'250316_dmd0_iterative_compensation_pinning.pkl',2.0,100.0,8.0,100.0,14.0,30.0,0.0,18.0,590.0,1.0,0.0,0.975,10.0,1.0,12.0,22.0,7.26,10.0,35.0,28.0,30.0,0.0,163.4945,200.0,93.0,14.0,40.0,228.2,174.746,5.0,773.0,0.0
9,9,2025/03/22 21:40:16,0,b'250316_dmd0_iterative_compensation_pinning.pkl',2.0,100.0,0.0,100.0,14.0,30.0,0.0,18.0,590.0,0.0,0.0,0.975,10.0,1.0,12.0,22.0,7.26,10.0,35.0,28.0,30.0,0.0,163.4945,200.0,93.0,14.0,40.0,228.2,174.746,5.0,773.0,0.0
10,10,2025/03/22 21:40:34,0,b'250316_dmd0_iterative_compensation_pinning.pkl',2.0,100.0,1.0,100.0,14.0,30.0,0.0,18.0,590.0,2.0,0.0,0.975,10.0,1.0,12.0,22.0,7.26,10.0,35.0,28.0,30.0,0.0,163.4945,200.0,93.0,14.0,40.0,228.2,174.746,5.0,773.0,0.0
11,11,2025/03/22 21:40:53,0,b'250316_dmd0_iterative_compensation_pinning.pkl',2.0,100.0,2.0,100.0,14.0,30.0,0.0,18.0,590.0,1.0,0.0,0.975,10.0,1.0,12.0,22.0,7.26,10.0,35.0,28.0,30.0,0.0,163.4945,200.0,93.0,14.0,40.0,228.2,174.746,5.0,773.0,0.0
12,12,2025/03/22 21:41:11,0,b'250316_dmd0_iterative_compensation_pinning.pkl',2.0,100.0,3.0,100.0,14.0,30.0,0.0,18.0,590.0,2.0,0.0,0.975,10.0,1.0,12.0,22.0,7.26,10.0,35.0,28.0,30.0,0.0,163.4945,200.0,93.0,14.0,40.0,228.2,174.746,5.0,773.0,0.0
13,13,2025/03/22 21:41:29,0,b'250316_dmd0_iterative_compensation_pinning.pkl',2.0,100.0,4.0,100.0,14.0,30.0,0.0,18.0,590.0,1.0,0.0,0.975,10.0,1.0,12.0,22.0,7.26,10.0,35.0,28.0,30.0,0.0,163.4945,200.0,93.0,14.0,40.0,228.2,174.746,5.0,773.0,0.0
14,14,2025/03/22 21:41:47,0,b'250316_dmd0_iterative_compensation_pinning.pkl',2.0,100.0,5.0,100.0,14.0,30.0,0.0,18.0,590.0,2.0,0.0,0.975,10.0,1.0,12.0,22.0,7.26,10.0,35.0,28.0,30.0,0.0,163.4945,200.0,93.0,14.0,40.0,228.2,174.746,5.0,773.0,0.0
15,15,2025/03/22 21:42:05,0,b'250316_dmd0_iterative_compensation_pinning.pkl',2.0,100.0,6.0,100.0,14.0,30.0,0.0,18.0,590.0,1.0,0.0,0.975,10.0,1.0,12.0,22.0,7.26,10.0,35.0,28.0,30.0,0.0,163.4945,200.0,93.0,14.0,40.0,228.2,174.746,5.0,773.0,0.0
16,16,2025/03/22 21:42:23,0,b'250316_dmd0_iterative_compensation_pinning.pkl',2.0,100.0,7.0,100.0,14.0,30.0,0.0,18.0,590.0,2.0,0.0,0.975,10.0,1.0,12.0,22.0,7.26,10.0,35.0,28.0,30.0,0.0,163.4945,200.0,93.0,14.0,40.0,228.2,174.746,5.0,773.0,0.0
17,17,2025/03/22 21:42:41,0,b'250316_dmd0_iterative_compensation_pinning.pkl',2.0,100.0,8.0,100.0,14.0,30.0,0.0,18.0,590.0,1.0,0.0,0.975,10.0,1.0,12.0,22.0,7.26,10.0,35.0,28.0,30.0,0.0,163.4945,200.0,93.0,14.0,40.0,228.2,174.746,5.0,773.0,0.0
18,18,2025/03/22 21:43:00,0,b'250316_dmd0_iterative_compensation_pinning.pkl',2.0,100.0,0.0,100.0,14.0,30.0,0.0,18.0,590.0,0.0,0.0,0.975,10.0,1.0,12.0,22.0,7.26,10.0,35.0,28.0,30.0,0.0,163.4945,200.0,93.0,14.0,40.0,228.2,174.746,5.0,773.0,0.0
19,19,2025/03/22 21:43:18,0,b'250316_dmd0_iterative_compensation_pinning.pkl',2.0,100.0,1.0,100.0,14.0,30.0,0.0,18.0,590.0,2.0,0.0,0.975,10.0,1.0,12.0,22.0,7.26,10.0,35.0,28.0,30.0,0.0,163.4945,200.0,93.0,14.0,40.0,228.2,174.746,5.0,773.0,0.0
20,20,2025/03/22 21:43:36,0,b'250316_dmd0_iterative_compensation_pinning.pkl',2.0,100.0,2.0,100.0,14.0,30.0,0.0,18.0,590.0,1.0,0.0,0.975,10.0,1.0,12.0,22.0,7.26,10.0,35.0,28.0,30.0,0.0,163.4945,200.0,93.0,14.0,40.0,228.2,174.746,5.0,773.0,0.0
21,21,2025/03/22 21:43:54,0,b'250316_dmd0_iterative_compensation_pinning.pkl',2.0,100.0,3.0,100.0,14.0,30.0,0.0,18.0,590.0,2.0,0.0,0.975,10.0,1.0,12.0,22.0,7.26,10.0,35.0,28.0,30.0,0.0,163.4945,200.0,93.0,14.0,40.0,228.2,174.746,5.0,773.0,0.0
22,22,2025/03/22 21:44:12,0,b'250316_dmd0_iterative_compensation_pinning.pkl',2.0,100.0,4.0,100.0,14.0,30.0,0.0,18.0,590.0,1.0,0.0,0.975,10.0,1.0,12.0,22.0,7.26,10.0,35.0,28.0,30.0,0.0,163.4945,200.0,93.0,14.0,40.0,228.2,174.746,5.0,773.0,0.0
23,23,2025/03/22 21:44:30,0,b'250316_dmd0_iterative_compensation_pinning.pkl',2.0,100.0,5.0,100.0,14.0,30.0,0.0,18.0,590.0,2.0,0.0,0.975,10.0,1.0,12.0,22.0,7.26,10.0,35.0,28.0,30.0,0.0,163.4945,200.0,93.0,14.0,40.0,228.2,174.746,5.0,773.0,0.0
24,24,2025/03/22 21:44:48,0,b'250316_dmd0_iterative_compensation_pinning.pkl',2.0,100.0,6.0,100.0,14.0,30.0,0.0,18.0,590.0,1.0,0.0,0.975,10.0,1.0,12.0,22.0,7.26,10.0,35.0,28.0,30.0,0.0,163.4945,200.0,93.0,14.0,40.0,228.2,174.746,5.0,773.0,0.0
25,25,2025/03/22 21:45:07,0,b'250316_dmd0_iterative_compensation_pinning.pkl',2.0,100.0,7.0,100.0,14.0,30.0,0.0,18.0,590.0,2.0,0.0,0.975,10.0,1.0,12.0,22.0,7.26,10.0,35.0,28.0,30.0,0.0,163.4945,200.0,93.0,14.0,40.0,228.2,174.746,5.0,773.0,0.0
26,26,2025/03/22 21:45:25,0,b'250316_dmd0_iterative_compensation_pinning.pkl',2.0,100.0,8.0,100.0,14.0,30.0,0.0,18.0,590.0,1.0,0.0,0.975,10.0,1.0,12.0,22.0,7.26,10.0,35.0,28.0,30.0,0.0,163.4945,200.0,93.0,14.0,40.0,228.2,174.746,5.0,773.0,0.0
27,27,2025/03/22 21:45:43,0,b'250316_dmd0_iterative_compensation_pinning.pkl',2.0,100.0,0.0,100.0,14.0,30.0,0.0,18.0,590.0,0.0,0.0,0.975,10.0,1.0,12.0,22.0,7.26,10.0,35.0,28.0,30.0,0.0,163.4945,200.0,93.0,14.0,40.0,228.2,174.746,5.0,773.0,0.0
28,28,2025/03/22 21:46:01,0,b'250316_dmd0_iterative_compensation_pinning.pkl',2.0,100.0,1.0,100.0,14.0,30.0,0.0,18.0,590.0,2.0,0.0,0.975,10.0,1.0,12.0,22.0,7.26,10.0,35.0,28.0,30.0,0.0,163.4945,200.0,93.0,14.0,40.0,228.2,174.746,5.0,773.0,0.0
29,29,2025/03/22 21:46:19,0,b'250316_dmd0_iterative_compensation_pinning.pkl',2.0,100.0,2.0,100.0,14.0,30.0,0.0,18.0,590.0,1.0,0.0,0.975,10.0,1.0,12.0,22.0,7.26,10.0,35.0,28.0,30.0,0.0,163.4945,200.0,93.0,14.0,40.0,228.2,174.746,5.0,773.0,0.0
30,30,2025/03/22 21:46:37,0,b'250316_dmd0_iterative_compensation_pinning.pkl',2.0,100.0,3.0,100.0,14.0,30.0,0.0,18.0,590.0,2.0,0.0,0.975,10.0,1.0,12.0,22.0,7.26,10.0,35.0,28.0,30.0,0.0,163.4945,200.0,93.0,14.0,40.0,228.2,174.746,5.0,773.0,0.0
31,31,2025/03/22 21:46:55,0,b'250316_dmd0_iterative_compensation_pinning.pkl',2.0,100.0,4.0,100.0,14.0,30.0,0.0,18.0,590.0,1.0,0.0,0.975,10.0,1.0,12.0,22.0,7.26,10.0,35.0,28.0,30.0,0.0,163.4945,200.0,93.0,14.0,40.0,228.2,174.746,5.0,773.0,0.0
32,32,2025/03/22 21:47:13,0,b'250316_dmd0_iterative_compensation_pinning.pkl',2.0,100.0,5.0,100.0,14.0,30.0,0.0,18.0,590.0,2.0,0.0,0.975,10.0,1.0,12.0,22.0,7.26,10.0,35.0,28.0,30.0,0.0,163.4945,200.0,93.0,14.0,40.0,228.2,174.746,5.0,773.0,0.0
33,33,2025/03/22 21:47:31,0,b'250316_dmd0_iterative_compensation_pinning.pkl',2.0,100.0,6.0,100.0,14.0,30.0,0.0,18.0,590.0,1.0,0.0,0.975,10.0,1.0,12.0,22.0,7.26,10.0,35.0,28.0,30.0,0.0,163.4945,200.0,93.0,14.0,40.0,228.2,174.746,5.0,773.0,0.0
34,34,2025/03/22 21:47:49,0,b'250316_dmd0_iterative_compensation_pinning.pkl',2.0,100.0,7.0,100.0,14.0,30.0,0.0,18.0,590.0,2.0,0.0,0.975,10.0,1.0,12.0,22.0,7.26,10.0,35.0,28.0,30.0,0.0,163.4945,200.0,93.0,14.0,40.0,228.2,174.746,5.0,773.0,0.0
35,35,2025/03/22 21:48:07,0,b'250316_dmd0_iterative_compensation_pinning.pkl',2.0,100.0,8.0,100.0,14.0,30.0,0.0,18.0,590.0,1.0,0.0,0.975,10.0,1.0,12.0,22.0,7.26,10.0,35.0,28.0,30.0,0.0,163.4945,200.0,93.0,14.0,40.0,228.2,174.746,5.0,773.0,0.0
36,36,2025/03/22 21:48:25,0,b'250316_dmd0_iterative_compensation_pinning.pkl',2.0,100.0,0.0,100.0,14.0,30.0,0.0,18.0,590.0,0.0,0.0,0.975,10.0,1.0,12.0,22.0,7.26,10.0,35.0,28.0,30.0,0.0,163.4945,200.0,93.0,14.0,40.0,228.2,174.746,5.0,773.0,0.0
37,37,2025/03/22 21:48:44,0,b'250316_dmd0_iterative_compensation_pinning.pkl',2.0,100.0,1.0,100.0,14.0,30.0,0.0,18.0,590.0,2.0,0.0,0.975,10.0,1.0,12.0,22.0,7.26,10.0,35.0,28.0,30.0,0.0,163.4945,200.0,93.0,14.0,40.0,228.2,174.746,5.0,773.0,0.0
38,38,2025/03/22 21:49:02,0,b'250316_dmd0_iterative_compensation_pinning.pkl',2.0,100.0,2.0,100.0,14.0,30.0,0.0,18.0,590.0,1.0,0.0,0.975,10.0,1.0,12.0,22.0,7.26,10.0,35.0,28.0,30.0,0.0,163.4945,200.0,93.0,14.0,40.0,228.2,174.746,5.0,773.0,0.0
39,39,2025/03/22 21:49:20,0,b'250316_dmd0_iterative_compensation_pinning.pkl',2.0,100.0,3.0,100.0,14.0,30.0,0.0,18.0,590.0,2.0,0.0,0.975,10.0,1.0,12.0,22.0,7.26,10.0,35.0,28.0,30.0,0.0,163.4945,200.0,93.0,14.0,40.0,228.2,174.746,5.0,773.0,0.0
40,40,2025/03/22 21:49:38,0,b'250316_dmd0_iterative_compensation_pinning.pkl',2.0,100.0,4.0,100.0,14.0,30.0,0.0,18.0,590.0,1.0,0.0,0.975,10.0,1.0,12.0,22.0,7.26,10.0,35.0,28.0,30.0,0.0,163.4945,200.0,93.0,14.0,40.0,228.2,174.746,5.0,773.0,0.0
41,41,2025/03/22 21:49:56,0,b'250316_dmd0_iterative_compensation_pinning.pkl',2.0,100.0,5.0,100.0,14.0,30.0,0.0,18.0,590.0,2.0,0.0,0.975,10.0,1.0,12.0,22.0,7.26,10.0,35.0,28.0,30.0,0.0,163.4945,200.0,93.0,14.0,40.0,228.2,174.746,5.0,773.0,0.0
42,42,2025/03/22 21:50:14,0,b'250316_dmd0_iterative_compensation_pinning.pkl',2.0,100.0,6.0,100.0,14.0,30.0,0.0,18.0,590.0,1.0,0.0,0.975,10.0,1.0,12.0,22.0,7.26,10.0,35.0,28.0,30.0,0.0,163.4945,200.0,93.0,14.0,40.0,228.2,174.746,5.0,773.0,0.0
43,43,2025/03/22 21:50:32,0,b'250316_dmd0_iterative_compensation_pinning.pkl',2.0,100.0,7.0,100.0,14.0,30.0,0.0,18.0,590.0,2.0,0.0,0.975,10.0,1.0,12.0,22.0,7.26,10.0,35.0,28.0,30.0,0.0,163.4945,200.0,93.0,14.0,40.0,228.2,174.746,5.0,773.0,0.0
44,44,2025/03/22 21:50:50,0,b'250316_dmd0_iterative_compensation_pinning.pkl',2.0,100.0,8.0,100.0,14.0,30.0,0.0,18.0,590.0,1.0,0.0,0.975,10.0,1.0,12.0,22.0,7.26,10.0,35.0,28.0,30.0,0.0,163.4945,200.0,93.0,14.0,40.0,228.2,174.746,5.0,773.0,0.0
45,45,2025/03/22 21:51:08,0,b'250316_dmd0_iterative_compensation_pinning.pkl',2.0,100.0,0.0,100.0,14.0,30.0,0.0,18.0,590.0,0.0,0.0,0.975,10.0,1.0,12.0,22.0,7.26,10.0,35.0,28.0,30.0,0.0,163.4945,200.0,93.0,14.0,40.0,228.2,174.746,5.0,773.0,0.0
46,46,2025/03/22 21:51:26,0,b'250316_dmd0_iterative_compensation_pinning.pkl',2.0,100.0,1.0,100.0,14.0,30.0,0.0,18.0,590.0,2.0,0.0,0.975,10.0,1.0,12.0,22.0,7.26,10.0,35.0,28.0,30.0,0.0,163.4945,200.0,93.0,14.0,40.0,228.2,174.746,5.0,773.0,0.0
47,47,2025/03/22 21:51:44,0,b'250316_dmd0_iterative_compensation_pinning.pkl',2.0,100.0,2.0,100.0,14.0,30.0,0.0,18.0,590.0,1.0,0.0,0.975,10.0,1.0,12.0,22.0,7.26,10.0,35.0,28.0,30.0,0.0,163.4945,200.0,93.0,14.0,40.0,228.2,174.746,5.0,773.0,0.0
48,48,2025/03/22 21:52:03,0,b'250316_dmd0_iterative_compensation_pinning.pkl',2.0,100.0,3.0,100.0,14.0,30.0,0.0,18.0,590.0,2.0,0.0,0.975,10.0,1.0,12.0,22.0,7.26,10.0,35.0,28.0,30.0,0.0,163.4945,200.0,93.0,14.0,40.0,228.2,174.746,5.0,773.0,0.0
49,49,2025/03/22 21:52:21,0,b'250316_dmd0_iterative_compensation_pinning.pkl',2.0,100.0,4.0,100.0,14.0,30.0,0.0,18.0,590.0,1.0,0.0,0.975,10.0,1.0,12.0,22.0,7.26,10.0,35.0,28.0,30.0,0.0,163.4945,200.0,93.0,14.0,40.0,228.2,174.746,5.0,773.0,0.0
50,50,2025/03/22 21:52:39,0,b'250316_dmd0_iterative_compensation_pinning.pkl',2.0,100.0,5.0,100.0,14.0,30.0,0.0,18.0,590.0,2.0,0.0,0.975,10.0,1.0,12.0,22.0,7.26,10.0,35.0,28.0,30.0,0.0,163.4945,200.0,93.0,14.0,40.0,228.2,174.746,5.0,773.0,0.0
51,51,2025/03/22 21:52:57,0,b'250316_dmd0_iterative_compensation_pinning.pkl',2.0,100.0,6.0,100.0,14.0,30.0,0.0,18.0,590.0,1.0,0.0,0.975,10.0,1.0,12.0,22.0,7.26,10.0,35.0,28.0,30.0,0.0,163.4945,200.0,93.0,14.0,40.0,228.2,174.746,5.0,773.0,0.0
52,52,2025/03/22 21:53:15,0,b'250316_dmd0_iterative_compensation_pinning.pkl',2.0,100.0,7.0,100.0,14.0,30.0,0.0,18.0,590.0,2.0,0.0,0.975,10.0,1.0,12.0,22.0,7.26,10.0,35.0,28.0,30.0,0.0,163.4945,200.0,93.0,14.0,40.0,228.2,174.746,5.0,773.0,0.0
53,53,2025/03/22 21:53:33,0,b'250316_dmd0_iterative_compensation_pinning.pkl',2.0,100.0,8.0,100.0,14.0,30.0,0.0,18.0,590.0,1.0,0.0,0.975,10.0,1.0,12.0,22.0,7.26,10.0,35.0,28.0,30.0,0.0,163.4945,200.0,93.0,14.0,40.0,228.2,174.746,5.0,773.0,0.0
54,54,2025/03/22 21:53:51,0,b'250316_dmd0_iterative_compensation_pinning.pkl',2.0,100.0,0.0,100.0,14.0,30.0,0.0,18.0,590.0,0.0,0.0,0.975,10.0,1.0,12.0,22.0,7.26,10.0,35.0,28.0,30.0,0.0,163.4945,200.0,93.0,14.0,40.0,228.2,174.746,5.0,773.0,0.0
55,55,2025/03/22 21:54:09,0,b'250316_dmd0_iterative_compensation_pinning.pkl',2.0,100.0,1.0,100.0,14.0,30.0,0.0,18.0,590.0,2.0,0.0,0.975,10.0,1.0,12.0,22.0,7.26,10.0,35.0,28.0,30.0,0.0,163.4945,200.0,93.0,14.0,40.0,228.2,174.746,5.0,773.0,0.0
56,56,2025/03/22 21:54:27,0,b'250316_dmd0_iterative_compensation_pinning.pkl',2.0,100.0,2.0,100.0,14.0,30.0,0.0,18.0,590.0,1.0,0.0,0.975,10.0,1.0,12.0,22.0,7.26,10.0,35.0,28.0,30.0,0.0,163.4945,200.0,93.0,14.0,40.0,228.2,174.746,5.0,773.0,0.0
57,57,2025/03/22 21:54:45,0,b'250316_dmd0_iterative_compensation_pinning.pkl',2.0,100.0,3.0,100.0,14.0,30.0,0.0,18.0,590.0,2.0,0.0,0.975,10.0,1.0,12.0,22.0,7.26,10.0,35.0,28.0,30.0,0.0,163.4945,200.0,93.0,14.0,40.0,228.2,174.746,5.0,773.0,0.0
58,58,2025/03/22 21:55:03,0,b'250316_dmd0_iterative_compensation_pinning.pkl',2.0,100.0,4.0,100.0,14.0,30.0,0.0,18.0,590.0,1.0,0.0,0.975,10.0,1.0,12.0,22.0,7.26,10.0,35.0,28.0,30.0,0.0,163.4945,200.0,93.0,14.0,40.0,228.2,174.746,5.0,773.0,0.0
59,59,2025/03/22 21:55:21,0,b'250316_dmd0_iterative_compensation_pinning.pkl',2.0,100.0,5.0,100.0,14.0,30.0,0.0,18.0,590.0,2.0,0.0,0.975,10.0,1.0,12.0,22.0,7.26,10.0,35.0,28.0,30.0,0.0,163.4945,200.0,93.0,14.0,40.0,228.2,174.746,5.0,773.0,0.0
60,60,2025/03/22 21:55:39,0,b'250316_dmd0_iterative_compensation_pinning.pkl',2.0,100.0,6.0,100.0,14.0,30.0,0.0,18.0,590.0,1.0,0.0,0.975,10.0,1.0,12.0,22.0,7.26,10.0,35.0,28.0,30.0,0.0,163.4945,200.0,93.0,14.0,40.0,228.2,174.746,5.0,773.0,0.0
61,61,2025/03/22 21:55:58,0,b'250316_dmd0_iterative_compensation_pinning.pkl',2.0,100.0,7.0,100.0,14.0,30.0,0.0,18.0,590.0,2.0,0.0,0.975,10.0,1.0,12.0,22.0,7.26,10.0,35.0,28.0,30.0,0.0,163.4945,200.0,93.0,14.0,40.0,228.2,174.746,5.0,773.0,0.0
62,62,2025/03/22 21:56:16,0,b'250316_dmd0_iterative_compensation_pinning.pkl',2.0,100.0,8.0,100.0,14.0,30.0,0.0,18.0,590.0,1.0,0.0,0.975,10.0,1.0,12.0,22.0,7.26,10.0,35.0,28.0,30.0,0.0,163.4945,200.0,93.0,14.0,40.0,228.2,174.746,5.0,773.0,0.0
63,63,2025/03/22 21:56:35,0,b'250316_dmd0_iterative_compensation_pinning.pkl',2.0,100.0,0.0,100.0,14.0,30.0,0.0,18.0,590.0,0.0,0.0,0.975,10.0,1.0,12.0,22.0,7.26,10.0,35.0,28.0,30.0,0.0,163.4945,200.0,93.0,14.0,40.0,228.2,174.746,5.0,773.0,0.0
64,64,2025/03/22 21:56:54,0,b'250316_dmd0_iterative_compensation_pinning.pkl',2.0,100.0,1.0,100.0,14.0,30.0,0.0,18.0,590.0,2.0,0.0,0.975,10.0,1.0,12.0,22.0,7.26,10.0,35.0,28.0,30.0,0.0,163.4945,200.0,93.0,14.0,40.0,228.2,174.746,5.0,773.0,0.0
65,65,2025/03/22 21:57:13,0,b'250316_dmd0_iterative_compensation_pinning.pkl',2.0,100.0,2.0,100.0,14.0,30.0,0.0,18.0,590.0,1.0,0.0,0.975,10.0,1.0,12.0,22.0,7.26,10.0,35.0,28.0,30.0,0.0,163.4945,200.0,93.0,14.0,40.0,228.2,174.746,5.0,773.0,0.0
66,66,2025/03/22 21:57:32,0,b'250316_dmd0_iterative_compensation_pinning.pkl',2.0,100.0,3.0,100.0,14.0,30.0,0.0,18.0,590.0,2.0,0.0,0.975,10.0,1.0,12.0,22.0,7.26,10.0,35.0,28.0,30.0,0.0,163.4945,200.0,93.0,14.0,40.0,228.2,174.746,5.0,773.0,0.0
67,67,2025/03/22 21:57:51,0,b'250316_dmd0_iterative_compensation_pinning.pkl',2.0,100.0,4.0,100.0,14.0,30.0,0.0,18.0,590.0,1.0,0.0,0.975,10.0,1.0,12.0,22.0,7.26,10.0,35.0,28.0,30.0,0.0,163.4945,200.0,93.0,14.0,40.0,228.2,174.746,5.0,773.0,0.0
68,68,2025/03/22 21:58:10,0,b'250316_dmd0_iterative_compensation_pinning.pkl',2.0,100.0,5.0,100.0,14.0,30.0,0.0,18.0,590.0,2.0,0.0,0.975,10.0,1.0,12.0,22.0,7.26,10.0,35.0,28.0,30.0,0.0,163.4945,200.0,93.0,14.0,40.0,228.2,174.746,5.0,773.0,0.0
69,69,2025/03/22 21:58:30,0,b'250316_dmd0_iterative_compensation_pinning.pkl',2.0,100.0,6.0,100.0,14.0,30.0,0.0,18.0,590.0,1.0,0.0,0.975,10.0,1.0,12.0,22.0,7.26,10.0,35.0,28.0,30.0,0.0,163.4945,200.0,93.0,14.0,40.0,228.2,174.746,5.0,773.0,0.0
70,70,2025/03/22 21:58:49,0,b'250316_dmd0_iterative_compensation_pinning.pkl',2.0,100.0,7.0,100.0,14.0,30.0,0.0,18.0,590.0,2.0,0.0,0.975,10.0,1.0,12.0,22.0,7.26,10.0,35.0,28.0,30.0,0.0,163.4945,200.0,93.0,14.0,40.0,228.2,174.746,5.0,773.0,0.0
71,71,2025/03/22 21:59:08,0,b'250316_dmd0_iterative_compensation_pinning.pkl',2.0,100.0,8.0,100.0,14.0,30.0,0.0,18.0,590.0,1.0,0.0,0.975,10.0,1.0,12.0,22.0,7.26,10.0,35.0,28.0,30.0,0.0,163.4945,200.0,93.0,14.0,40.0,228.2,174.746,5.0,773.0,0.0
72,72,2025/03/22 21:59:27,0,b'250316_dmd0_iterative_compensation_pinning.pkl',2.0,100.0,0.0,100.0,14.0,30.0,0.0,18.0,590.0,0.0,0.0,0.975,10.0,1.0,12.0,22.0,7.26,10.0,35.0,28.0,30.0,0.0,163.4945,200.0,93.0,14.0,40.0,228.2,174.746,5.0,773.0,0.0
73,73,2025/03/22 21:59:46,0,b'250316_dmd0_iterative_compensation_pinning.pkl',2.0,100.0,1.0,100.0,14.0,30.0,0.0,18.0,590.0,2.0,0.0,0.975,10.0,1.0,12.0,22.0,7.26,10.0,35.0,28.0,30.0,0.0,163.4945,200.0,93.0,14.0,40.0,228.2,174.746,5.0,773.0,0.0
74,74,2025/03/22 22:00:05,0,b'250316_dmd0_iterative_compensation_pinning.pkl',2.0,100.0,2.0,100.0,14.0,30.0,0.0,18.0,590.0,1.0,0.0,0.975,10.0,1.0,12.0,22.0,7.26,10.0,35.0,28.0,30.0,0.0,163.4945,200.0,93.0,14.0,40.0,228.2,174.746,5.0,773.0,0.0
75,75,2025/03/22 22:00:24,0,b'250316_dmd0_iterative_compensation_pinning.pkl',2.0,100.0,3.0,100.0,14.0,30.0,0.0,18.0,590.0,2.0,0.0,0.975,10.0,1.0,12.0,22.0,7.26,10.0,35.0,28.0,30.0,0.0,163.4945,200.0,93.0,14.0,40.0,228.2,174.746,5.0,773.0,0.0
76,76,2025/03/22 22:00:43,0,b'250316_dmd0_iterative_compensation_pinning.pkl',2.0,100.0,4.0,100.0,14.0,30.0,0.0,18.0,590.0,1.0,0.0,0.975,10.0,1.0,12.0,22.0,7.26,10.0,35.0,28.0,30.0,0.0,163.4945,200.0,93.0,14.0,40.0,228.2,174.746,5.0,773.0,0.0
77,77,2025/03/22 22:01:02,0,b'250316_dmd0_iterative_compensation_pinning.pkl',2.0,100.0,5.0,100.0,14.0,30.0,0.0,18.0,590.0,2.0,0.0,0.975,10.0,1.0,12.0,22.0,7.26,10.0,35.0,28.0,30.0,0.0,163.4945,200.0,93.0,14.0,40.0,228.2,174.746,5.0,773.0,0.0
78,78,2025/03/22 22:01:21,0,b'250316_dmd0_iterative_compensation_pinning.pkl',2.0,100.0,6.0,100.0,14.0,30.0,0.0,18.0,590.0,1.0,0.0,0.975,10.0,1.0,12.0,22.0,7.26,10.0,35.0,28.0,30.0,0.0,163.4945,200.0,93.0,14.0,40.0,228.2,174.746,5.0,773.0,0.0
79,79,2025/03/22 22:01:41,0,b'250316_dmd0_iterative_compensation_pinning.pkl',2.0,100.0,7.0,100.0,14.0,30.0,0.0,18.0,590.0,2.0,0.0,0.975,10.0,1.0,12.0,22.0,7.26,10.0,35.0,28.0,30.0,0.0,163.4945,200.0,93.0,14.0,40.0,228.2,174.746,5.0,773.0,0.0
80,80,2025/03/22 22:02:00,0,b'250316_dmd0_iterative_compensation_pinning.pkl',2.0,100.0,8.0,100.0,14.0,30.0,0.0,18.0,590.0,1.0,0.0,0.975,10.0,1.0,12.0,22.0,7.26,10.0,35.0,28.0,30.0,0.0,163.4945,200.0,93.0,14.0,40.0,228.2,174.746,5.0,773.0,0.0
81,81,2025/03/22 22:02:19,0,b'250316_dmd0_iterative_compensation_pinning.pkl',2.0,100.0,0.0,100.0,14.0,30.0,0.0,18.0,590.0,0.0,0.0,0.975,10.0,1.0,12.0,22.0,7.26,10.0,35.0,28.0,30.0,0.0,163.4945,200.0,93.0,14.0,40.0,228.2,174.746,5.0,773.0,0.0
82,82,2025/03/22 22:02:37,0,b'250316_dmd0_iterative_compensation_pinning.pkl',2.0,100.0,1.0,100.0,14.0,30.0,0.0,18.0,590.0,2.0,0.0,0.975,10.0,1.0,12.0,22.0,7.26,10.0,35.0,28.0,30.0,0.0,163.4945,200.0,93.0,14.0,40.0,228.2,174.746,5.0,773.0,0.0
83,83,2025/03/22 22:02:57,0,b'250316_dmd0_iterative_compensation_pinning.pkl',2.0,100.0,2.0,100.0,14.0,30.0,0.0,18.0,590.0,1.0,0.0,0.975,10.0,1.0,12.0,22.0,7.26,10.0,35.0,28.0,30.0,0.0,163.4945,200.0,93.0,14.0,40.0,228.2,174.746,5.0,773.0,0.0
84,84,2025/03/22 22:03:16,0,b'250316_dmd0_iterative_compensation_pinning.pkl',2.0,100.0,3.0,100.0,14.0,30.0,0.0,18.0,590.0,2.0,0.0,0.975,10.0,1.0,12.0,22.0,7.26,10.0,35.0,28.0,30.0,0.0,163.4945,200.0,93.0,14.0,40.0,228.2,174.746,5.0,773.0,0.0
85,85,2025/03/22 22:03:34,0,b'250316_dmd0_iterative_compensation_pinning.pkl',2.0,100.0,4.0,100.0,14.0,30.0,0.0,18.0,590.0,1.0,0.0,0.975,10.0,1.0,12.0,22.0,7.26,10.0,35.0,28.0,30.0,0.0,163.4945,200.0,93.0,14.0,40.0,228.2,174.746,5.0,773.0,0.0
86,86,2025/03/22 22:03:53,0,b'250316_dmd0_iterative_compensation_pinning.pkl',2.0,100.0,5.0,100.0,14.0,30.0,0.0,18.0,590.0,2.0,0.0,0.975,10.0,1.0,12.0,22.0,7.26,10.0,35.0,28.0,30.0,0.0,163.4945,200.0,93.0,14.0,40.0,228.2,174.746,5.0,773.0,0.0
87,87,2025/03/22 22:04:13,0,b'250316_dmd0_iterative_compensation_pinning.pkl',2.0,100.0,6.0,100.0,14.0,30.0,0.0,18.0,590.0,1.0,0.0,0.975,10.0,1.0,12.0,22.0,7.26,10.0,35.0,28.0,30.0,0.0,163.4945,200.0,93.0,14.0,40.0,228.2,174.746,5.0,773.0,0.0
88,88,2025/03/22 22:04:31,0,b'250316_dmd0_iterative_compensation_pinning.pkl',2.0,100.0,7.0,100.0,14.0,30.0,0.0,18.0,590.0,2.0,0.0,0.975,10.0,1.0,12.0,22.0,7.26,10.0,35.0,28.0,30.0,0.0,163.4945,200.0,93.0,14.0,40.0,228.2,174.746,5.0,773.0,0.0
89,89,2025/03/22 22:04:50,0,b'250316_dmd0_iterative_compensation_pinning.pkl',2.0,100.0,8.0,100.0,14.0,30.0,0.0,18.0,590.0,1.0,0.0,0.975,10.0,1.0,12.0,22.0,7.26,10.0,35.0,28.0,30.0,0.0,163.4945,200.0,93.0,14.0,40.0,228.2,174.746,5.0,773.0,0.0
90,90,2025/03/22 22:05:09,0,b'250316_dmd0_iterative_compensation_pinning.pkl',2.0,100.0,0.0,100.0,14.0,30.0,0.0,18.0,590.0,0.0,0.0,0.975,10.0,1.0,12.0,22.0,7.26,10.0,35.0,28.0,30.0,0.0,163.4945,200.0,93.0,14.0,40.0,228.2,174.746,5.0,773.0,0.0
91,91,2025/03/22 22:05:29,0,b'250316_dmd0_iterative_compensation_pinning.pkl',2.0,100.0,1.0,100.0,14.0,30.0,0.0,18.0,590.0,2.0,0.0,0.975,10.0,1.0,12.0,22.0,7.26,10.0,35.0,28.0,30.0,0.0,163.4945,200.0,93.0,14.0,40.0,228.2,174.746,5.0,773.0,0.0
92,92,2025/03/22 22:05:48,0,b'250316_dmd0_iterative_compensation_pinning.pkl',2.0,100.0,2.0,100.0,14.0,30.0,0.0,18.0,590.0,1.0,0.0,0.975,10.0,1.0,12.0,22.0,7.26,10.0,35.0,28.0,30.0,0.0,163.4945,200.0,93.0,14.0,40.0,228.2,174.746,5.0,773.0,0.0
93,93,2025/03/22 22:06:07,0,b'250316_dmd0_iterative_compensation_pinning.pkl',2.0,100.0,3.0,100.0,14.0,30.0,0.0,18.0,590.0,2.0,0.0,0.975,10.0,1.0,12.0,22.0,7.26,10.0,35.0,28.0,30.0,0.0,163.4945,200.0,93.0,14.0,40.0,228.2,174.746,5.0,773.0,0.0
94,94,2025/03/22 22:06:26,0,b'250316_dmd0_iterative_compensation_pinning.pkl',2.0,100.0,4.0,100.0,14.0,30.0,0.0,18.0,590.0,1.0,0.0,0.975,10.0,1.0,12.0,22.0,7.26,10.0,35.0,28.0,30.0,0.0,163.4945,200.0,93.0,14.0,40.0,228.2,174.746,5.0,773.0,0.0
95,95,2025/03/22 22:06:45,0,b'250316_dmd0_iterative_compensation_pinning.pkl',2.0,100.0,5.0,100.0,14.0,30.0,0.0,18.0,590.0,2.0,0.0,0.975,10.0,1.0,12.0,22.0,7.26,10.0,35.0,28.0,30.0,0.0,163.4945,200.0,93.0,14.0,40.0,228.2,174.746,5.0,773.0,0.0
96,96,2025/03/22 22:07:04,0,b'250316_dmd0_iterative_compensation_pinning.pkl',2.0,100.0,6.0,100.0,14.0,30.0,0.0,18.0,590.0,1.0,0.0,0.975,10.0,1.0,12.0,22.0,7.26,10.0,35.0,28.0,30.0,0.0,163.4945,200.0,93.0,14.0,40.0,228.2,174.746,5.0,773.0,0.0
97,97,2025/03/22 22:07:23,0,b'250316_dmd0_iterative_compensation_pinning.pkl',2.0,100.0,7.0,100.0,14.0,30.0,0.0,18.0,590.0,2.0,0.0,0.975,10.0,1.0,12.0,22.0,7.26,10.0,35.0,28.0,30.0,0.0,163.4945,200.0,93.0,14.0,40.0,228.2,174.746,5.0,773.0,0.0
98,98,2025/03/22 22:07:42,0,b'250316_dmd0_iterative_compensation_pinning.pkl',2.0,100.0,8.0,100.0,14.0,30.0,0.0,18.0,590.0,1.0,0.0,0.975,10.0,1.0,12.0,22.0,7.26,10.0,35.0,28.0,30.0,0.0,163.4945,200.0,93.0,14.0,40.0,228.2,174.746,5.0,773.0,0.0
99,99,2025/03/22 22:08:00,0,b'250316_dmd0_iterative_compensation_pinning.pkl',2.0,100.0,0.0,100.0,14.0,30.0,0.0,18.0,590.0,0.0,0.0,0.975,10.0,1.0,12.0,22.0,7.26,10.0,35.0,28.0,30.0,0.0,163.4945,200.0,93.0,14.0,40.0,228.2,174.746,5.0,773.0,0.0
100,100,2025/03/22 22:08:19,0,b'250316_dmd0_iterative_compensation_pinning.pkl',2.0,100.0,1.0,100.0,14.0,30.0,0.0,18.0,590.0,2.0,0.0,0.975,10.0,1.0,12.0,22.0,7.26,10.0,35.0,28.0,30.0,0.0,163.4945,200.0,93.0,14.0,40.0,228.2,174.746,5.0,773.0,0.0
101,101,2025/03/22 22:08:38,0,b'250316_dmd0_iterative_compensation_pinning.pkl',2.0,100.0,2.0,100.0,14.0,30.0,0.0,18.0,590.0,1.0,0.0,0.975,10.0,1.0,12.0,22.0,7.26,10.0,35.0,28.0,30.0,0.0,163.4945,200.0,93.0,14.0,40.0,228.2,174.746,5.0,773.0,0.0
102,102,2025/03/22 22:08:57,0,b'250316_dmd0_iterative_compensation_pinning.pkl',2.0,100.0,3.0,100.0,14.0,30.0,0.0,18.0,590.0,2.0,0.0,0.975,10.0,1.0,12.0,22.0,7.26,10.0,35.0,28.0,30.0,0.0,163.4945,200.0,93.0,14.0,40.0,228.2,174.746,5.0,773.0,0.0
103,103,2025/03/22 22:09:16,0,b'250316_dmd0_iterative_compensation_pinning.pkl',2.0,100.0,4.0,100.0,14.0,30.0,0.0,18.0,590.0,1.0,0.0,0.975,10.0,1.0,12.0,22.0,7.26,10.0,35.0,28.0,30.0,0.0,163.4945,200.0,93.0,14.0,40.0,228.2,174.746,5.0,773.0,0.0
104,104,2025/03/22 22:09:35,0,b'250316_dmd0_iterative_compensation_pinning.pkl',2.0,100.0,5.0,100.0,14.0,30.0,0.0,18.0,590.0,2.0,0.0,0.975,10.0,1.0,12.0,22.0,7.26,10.0,35.0,28.0,30.0,0.0,163.4945,200.0,93.0,14.0,40.0,228.2,174.746,5.0,773.0,0.0
105,105,2025/03/22 22:09:54,0,b'250316_dmd0_iterative_compensation_pinning.pkl',2.0,100.0,6.0,100.0,14.0,30.0,0.0,18.0,590.0,1.0,0.0,0.975,10.0,1.0,12.0,22.0,7.26,10.0,35.0,28.0,30.0,0.0,163.4945,200.0,93.0,14.0,40.0,228.2,174.746,5.0,773.0,0.0
106,106,2025/03/22 22:10:13,0,b'250316_dmd0_iterative_compensation_pinning.pkl',2.0,100.0,7.0,100.0,14.0,30.0,0.0,18.0,590.0,2.0,0.0,0.975,10.0,1.0,12.0,22.0,7.26,10.0,35.0,28.0,30.0,0.0,163.4945,200.0,93.0,14.0,40.0,228.2,174.746,5.0,773.0,0.0
107,107,2025/03/22 22:10:32,0,b'250316_dmd0_iterative_compensation_pinning.pkl',2.0,100.0,8.0,100.0,14.0,30.0,0.0,18.0,590.0,1.0,0.0,0.975,10.0,1.0,12.0,22.0,7.26,10.0,35.0,28.0,30.0,0.0,163.4945,200.0,93.0,14.0,40.0,228.2,174.746,5.0,773.0,0.0
108,108,2025/03/22 22:10:52,0,b'250316_dmd0_iterative_compensation_pinning.pkl',2.0,100.0,0.0,100.0,14.0,30.0,0.0,18.0,590.0,0.0,0.0,0.975,10.0,1.0,12.0,22.0,7.26,10.0,35.0,28.0,30.0,0.0,163.4945,200.0,93.0,14.0,40.0,228.2,174.746,5.0,773.0,0.0
109,109,2025/03/22 22:11:10,0,b'250316_dmd0_iterative_compensation_pinning.pkl',2.0,100.0,1.0,100.0,14.0,30.0,0.0,18.0,590.0,2.0,0.0,0.975,10.0,1.0,12.0,22.0,7.26,10.0,35.0,28.0,30.0,0.0,163.4945,200.0,93.0,14.0,40.0,228.2,174.746,5.0,773.0,0.0
110,110,2025/03/22 22:11:30,0,b'250316_dmd0_iterative_compensation_pinning.pkl',2.0,100.0,2.0,100.0,14.0,30.0,0.0,18.0,590.0,1.0,0.0,0.975,10.0,1.0,12.0,22.0,7.26,10.0,35.0,28.0,30.0,0.0,163.4945,200.0,93.0,14.0,40.0,228.2,174.746,5.0,773.0,0.0
111,111,2025/03/22 22:11:49,0,b'250316_dmd0_iterative_compensation_pinning.pkl',2.0,100.0,3.0,100.0,14.0,30.0,0.0,18.0,590.0,2.0,0.0,0.975,10.0,1.0,12.0,22.0,7.26,10.0,35.0,28.0,30.0,0.0,163.4945,200.0,93.0,14.0,40.0,228.2,174.746,5.0,773.0,0.0
112,112,2025/03/22 22:12:08,0,b'250316_dmd0_iterative_compensation_pinning.pkl',2.0,100.0,4.0,100.0,14.0,30.0,0.0,18.0,590.0,1.0,0.0,0.975,10.0,1.0,12.0,22.0,7.26,10.0,35.0,28.0,30.0,0.0,163.4945,200.0,93.0,14.0,40.0,228.2,174.746,5.0,773.0,0.0
113,113,2025/03/22 22:12:27,0,b'250316_dmd0_iterative_compensation_pinning.pkl',2.0,100.0,5.0,100.0,14.0,30.0,0.0,18.0,590.0,2.0,0.0,0.975,10.0,1.0,12.0,22.0,7.26,10.0,35.0,28.0,30.0,0.0,163.4945,200.0,93.0,14.0,40.0,228.2,174.746,5.0,773.0,0.0
114,114,2025/03/22 22:12:46,0,b'250316_dmd0_iterative_compensation_pinning.pkl',2.0,100.0,6.0,100.0,14.0,30.0,0.0,18.0,590.0,1.0,0.0,0.975,10.0,1.0,12.0,22.0,7.26,10.0,35.0,28.0,30.0,0.0,163.4945,200.0,93.0,14.0,40.0,228.2,174.746,5.0,773.0,0.0
115,115,2025/03/22 22:13:04,0,b'250316_dmd0_iterative_compensation_pinning.pkl',2.0,100.0,7.0,100.0,14.0,30.0,0.0,18.0,590.0,2.0,0.0,0.975,10.0,1.0,12.0,22.0,7.26,10.0,35.0,28.0,30.0,0.0,163.4945,200.0,93.0,14.0,40.0,228.2,174.746,5.0,773.0,0.0
116,116,2025/03/22 22:13:23,0,b'250316_dmd0_iterative_compensation_pinning.pkl',2.0,100.0,8.0,100.0,14.0,30.0,0.0,18.0,590.0,1.0,0.0,0.975,10.0,1.0,12.0,22.0,7.26,10.0,35.0,28.0,30.0,0.0,163.4945,200.0,93.0,14.0,40.0,228.2,174.746,5.0,773.0,0.0
117,117,2025/03/22 22:13:42,0,b'250316_dmd0_iterative_compensation_pinning.pkl',2.0,100.0,0.0,100.0,14.0,30.0,0.0,18.0,590.0,0.0,0.0,0.975,10.0,1.0,12.0,22.0,7.26,10.0,35.0,28.0,30.0,0.0,163.4945,200.0,93.0,14.0,40.0,228.2,174.746,5.0,773.0,0.0
118,118,2025/03/22 22:14:01,0,b'250316_dmd0_iterative_compensation_pinning.pkl',2.0,100.0,1.0,100.0,14.0,30.0,0.0,18.0,590.0,2.0,0.0,0.975,10.0,1.0,12.0,22.0,7.26,10.0,35.0,28.0,30.0,0.0,163.4945,200.0,93.0,14.0,40.0,228.2,174.746,5.0,773.0,0.0
119,119,2025/03/22 22:14:20,0,b'250316_dmd0_iterative_compensation_pinning.pkl',2.0,100.0,2.0,100.0,14.0,30.0,0.0,18.0,590.0,1.0,0.0,0.975,10.0,1.0,12.0,22.0,7.26,10.0,35.0,28.0,30.0,0.0,163.4945,200.0,93.0,14.0,40.0,228.2,174.746,5.0,773.0,0.0
120,120,2025/03/22 22:14:39,0,b'250316_dmd0_iterative_compensation_pinning.pkl',2.0,100.0,3.0,100.0,14.0,30.0,0.0,18.0,590.0,2.0,0.0,0.975,10.0,1.0,12.0,22.0,7.26,10.0,35.0,28.0,30.0,0.0,163.4945,200.0,93.0,14.0,40.0,228.2,174.746,5.0,773.0,0.0
121,121,2025/03/22 22:14:58,0,b'250316_dmd0_iterative_compensation_pinning.pkl',2.0,100.0,4.0,100.0,14.0,30.0,0.0,18.0,590.0,1.0,0.0,0.975,10.0,1.0,12.0,22.0,7.26,10.0,35.0,28.0,30.0,0.0,163.4945,200.0,93.0,14.0,40.0,228.2,174.746,5.0,773.0,0.0
122,122,2025/03/22 22:15:17,0,b'250316_dmd0_iterative_compensation_pinning.pkl',2.0,100.0,5.0,100.0,14.0,30.0,0.0,18.0,590.0,2.0,0.0,0.975,10.0,1.0,12.0,22.0,7.26,10.0,35.0,28.0,30.0,0.0,163.4945,200.0,93.0,14.0,40.0,228.2,174.746,5.0,773.0,0.0
123,123,2025/03/22 22:15:36,0,b'250316_dmd0_iterative_compensation_pinning.pkl',2.0,100.0,6.0,100.0,14.0,30.0,0.0,18.0,590.0,1.0,0.0,0.975,10.0,1.0,12.0,22.0,7.26,10.0,35.0,28.0,30.0,0.0,163.4945,200.0,93.0,14.0,40.0,228.2,174.746,5.0,773.0,0.0
124,124,2025/03/22 22:15:55,0,b'250316_dmd0_iterative_compensation_pinning.pkl',2.0,100.0,7.0,100.0,14.0,30.0,0.0,18.0,590.0,2.0,0.0,0.975,10.0,1.0,12.0,22.0,7.26,10.0,35.0,28.0,30.0,0.0,163.4945,200.0,93.0,14.0,40.0,228.2,174.746,5.0,773.0,0.0
125,125,2025/03/22 22:16:13,0,b'250316_dmd0_iterative_compensation_pinning.pkl',2.0,100.0,8.0,100.0,14.0,30.0,0.0,18.0,590.0,1.0,0.0,0.975,10.0,1.0,12.0,22.0,7.26,10.0,35.0,28.0,30.0,0.0,163.4945,200.0,93.0,14.0,40.0,228.2,174.746,5.0,773.0,0.0
126,126,2025/03/22 22:16:32,0,b'250316_dmd0_iterative_compensation_pinning.pkl',2.0,100.0,0.0,100.0,14.0,30.0,0.0,18.0,590.0,0.0,0.0,0.975,10.0,1.0,12.0,22.0,7.26,10.0,35.0,28.0,30.0,0.0,163.4945,200.0,93.0,14.0,40.0,228.2,174.746,5.0,773.0,0.0
127,127,2025/03/22 22:16:51,0,b'250316_dmd0_iterative_compensation_pinning.pkl',2.0,100.0,1.0,100.0,14.0,30.0,0.0,18.0,590.0,2.0,0.0,0.975,10.0,1.0,12.0,22.0,7.26,10.0,35.0,28.0,30.0,0.0,163.4945,200.0,93.0,14.0,40.0,228.2,174.746,5.0,773.0,0.0
128,128,2025/03/22 22:17:10,0,b'250316_dmd0_iterative_compensation_pinning.pkl',2.0,100.0,2.0,100.0,14.0,30.0,0.0,18.0,590.0,1.0,0.0,0.975,10.0,1.0,12.0,22.0,7.26,10.0,35.0,28.0,30.0,0.0,163.4945,200.0,93.0,14.0,40.0,228.2,174.746,5.0,773.0,0.0
129,129,2025/03/22 22:17:29,0,b'250316_dmd0_iterative_compensation_pinning.pkl',2.0,100.0,3.0,100.0,14.0,30.0,0.0,18.0,590.0,2.0,0.0,0.975,10.0,1.0,12.0,22.0,7.26,10.0,35.0,28.0,30.0,0.0,163.4945,200.0,93.0,14.0,40.0,228.2,174.746,5.0,773.0,0.0
130,130,2025/03/22 22:17:48,0,b'250316_dmd0_iterative_compensation_pinning.pkl',2.0,100.0,4.0,100.0,14.0,30.0,0.0,18.0,590.0,1.0,0.0,0.975,10.0,1.0,12.0,22.0,7.26,10.0,35.0,28.0,30.0,0.0,163.4945,200.0,93.0,14.0,40.0,228.2,174.746,5.0,773.0,0.0
131,131,2025/03/22 22:18:07,0,b'250316_dmd0_iterative_compensation_pinning.pkl',2.0,100.0,5.0,100.0,14.0,30.0,0.0,18.0,590.0,2.0,0.0,0.975,10.0,1.0,12.0,22.0,7.26,10.0,35.0,28.0,30.0,0.0,163.4945,200.0,93.0,14.0,40.0,228.2,174.746,5.0,773.0,0.0
132,132,2025/03/22 22:18:26,0,b'250316_dmd0_iterative_compensation_pinning.pkl',2.0,100.0,6.0,100.0,14.0,30.0,0.0,18.0,590.0,1.0,0.0,0.975,10.0,1.0,12.0,22.0,7.26,10.0,35.0,28.0,30.0,0.0,163.4945,200.0,93.0,14.0,40.0,228.2,174.746,5.0,773.0,0.0
133,133,2025/03/22 22:18:44,0,b'250316_dmd0_iterative_compensation_pinning.pkl',2.0,100.0,7.0,100.0,14.0,30.0,0.0,18.0,590.0,2.0,0.0,0.975,10.0,1.0,12.0,22.0,7.26,10.0,35.0,28.0,30.0,0.0,163.4945,200.0,93.0,14.0,40.0,228.2,174.746,5.0,773.0,0.0
134,134,2025/03/22 22:19:03,0,b'250316_dmd0_iterative_compensation_pinning.pkl',2.0,100.0,8.0,100.0,14.0,30.0,0.0,18.0,590.0,1.0,0.0,0.975,10.0,1.0,12.0,22.0,7.26,10.0,35.0,28.0,30.0,0.0,163.4945,200.0,93.0,14.0,40.0,228.2,174.746,5.0,773.0,0.0
135,135,2025/03/22 22:19:22,0,b'250316_dmd0_iterative_compensation_pinning.pkl',2.0,100.0,0.0,100.0,14.0,30.0,0.0,18.0,590.0,0.0,0.0,0.975,10.0,1.0,12.0,22.0,7.26,10.0,35.0,28.0,30.0,0.0,163.4945,200.0,93.0,14.0,40.0,228.2,174.746,5.0,773.0,0.0
136,136,2025/03/22 22:19:40,0,b'250316_dmd0_iterative_compensation_pinning.pkl',2.0,100.0,1.0,100.0,14.0,30.0,0.0,18.0,590.0,2.0,0.0,0.975,10.0,1.0,12.0,22.0,7.26,10.0,35.0,28.0,30.0,0.0,163.4945,200.0,93.0,14.0,40.0,228.2,174.746,5.0,773.0,0.0
137,137,2025/03/22 22:19:59,0,b'250316_dmd0_iterative_compensation_pinning.pkl',2.0,100.0,2.0,100.0,14.0,30.0,0.0,18.0,590.0,1.0,0.0,0.975,10.0,1.0,12.0,22.0,7.26,10.0,35.0,28.0,30.0,0.0,163.4945,200.0,93.0,14.0,40.0,228.2,174.746,5.0,773.0,0.0
138,138,2025/03/22 22:20:18,0,b'250316_dmd0_iterative_compensation_pinning.pkl',2.0,100.0,3.0,100.0,14.0,30.0,0.0,18.0,590.0,2.0,0.0,0.975,10.0,1.0,12.0,22.0,7.26,10.0,35.0,28.0,30.0,0.0,163.4945,200.0,93.0,14.0,40.0,228.2,174.746,5.0,773.0,0.0
139,139,2025/03/22 22:20:36,0,b'250316_dmd0_iterative_compensation_pinning.pkl',2.0,100.0,4.0,100.0,14.0,30.0,0.0,18.0,590.0,1.0,0.0,0.975,10.0,1.0,12.0,22.0,7.26,10.0,35.0,28.0,30.0,0.0,163.4945,200.0,93.0,14.0,40.0,228.2,174.746,5.0,773.0,0.0
140,140,2025/03/22 22:20:55,0,b'250316_dmd0_iterative_compensation_pinning.pkl',2.0,100.0,5.0,100.0,14.0,30.0,0.0,18.0,590.0,2.0,0.0,0.975,10.0,1.0,12.0,22.0,7.26,10.0,35.0,28.0,30.0,0.0,163.4945,200.0,93.0,14.0,40.0,228.2,174.746,5.0,773.0,0.0
141,141,2025/03/22 22:21:14,0,b'250316_dmd0_iterative_compensation_pinning.pkl',2.0,100.0,6.0,100.0,14.0,30.0,0.0,18.0,590.0,1.0,0.0,0.975,10.0,1.0,12.0,22.0,7.26,10.0,35.0,28.0,30.0,0.0,163.4945,200.0,93.0,14.0,40.0,228.2,174.746,5.0,773.0,0.0
142,142,2025/03/22 22:21:32,0,b'250316_dmd0_iterative_compensation_pinning.pkl',2.0,100.0,7.0,100.0,14.0,30.0,0.0,18.0,590.0,2.0,0.0,0.975,10.0,1.0,12.0,22.0,7.26,10.0,35.0,28.0,30.0,0.0,163.4945,200.0,93.0,14.0,40.0,228.2,174.746,5.0,773.0,0.0
143,143,2025/03/22 22:21:51,0,b'250316_dmd0_iterative_compensation_pinning.pkl',2.0,100.0,8.0,100.0,14.0,30.0,0.0,18.0,590.0,1.0,0.0,0.975,10.0,1.0,12.0,22.0,7.26,10.0,35.0,28.0,30.0,0.0,163.4945,200.0,93.0,14.0,40.0,228.2,174.746,5.0,773.0,0.0
144,144,2025/03/22 22:22:09,0,b'250316_dmd0_iterative_compensation_pinning.pkl',2.0,100.0,0.0,100.0,14.0,30.0,0.0,18.0,590.0,0.0,0.0,0.975,10.0,1.0,12.0,22.0,7.26,10.0,35.0,28.0,30.0,0.0,163.4945,200.0,93.0,14.0,40.0,228.2,174.746,5.0,773.0,0.0
145,145,2025/03/22 22:22:28,0,b'250316_dmd0_iterative_compensation_pinning.pkl',2.0,100.0,1.0,100.0,14.0,30.0,0.0,18.0,590.0,2.0,0.0,0.975,10.0,1.0,12.0,22.0,7.26,10.0,35.0,28.0,30.0,0.0,163.4945,200.0,93.0,14.0,40.0,228.2,174.746,5.0,773.0,0.0
146,146,2025/03/22 22:22:47,0,b'250316_dmd0_iterative_compensation_pinning.pkl',2.0,100.0,2.0,100.0,14.0,30.0,0.0,18.0,590.0,1.0,0.0,0.975,10.0,1.0,12.0,22.0,7.26,10.0,35.0,28.0,30.0,0.0,163.4945,200.0,93.0,14.0,40.0,228.2,174.746,5.0,773.0,0.0
147,147,2025/03/22 22:23:06,0,b'250316_dmd0_iterative_compensation_pinning.pkl',2.0,100.0,3.0,100.0,14.0,30.0,0.0,18.0,590.0,2.0,0.0,0.975,10.0,1.0,12.0,22.0,7.26,10.0,35.0,28.0,30.0,0.0,163.4945,200.0,93.0,14.0,40.0,228.2,174.746,5.0,773.0,0.0
148,148,2025/03/22 22:23:24,0,b'250316_dmd0_iterative_compensation_pinning.pkl',2.0,100.0,4.0,100.0,14.0,30.0,0.0,18.0,590.0,1.0,0.0,0.975,10.0,1.0,12.0,22.0,7.26,10.0,35.0,28.0,30.0,0.0,163.4945,200.0,93.0,14.0,40.0,228.2,174.746,5.0,773.0,0.0
149,149,2025/03/22 22:23:42,0,b'250316_dmd0_iterative_compensation_pinning.pkl',2.0,100.0,5.0,100.0,14.0,30.0,0.0,18.0,590.0,2.0,0.0,0.975,10.0,1.0,12.0,22.0,7.26,10.0,35.0,28.0,30.0,0.0,163.4945,200.0,93.0,14.0,40.0,228.2,174.746,5.0,773.0,0.0
150,150,2025/03/22 22:24:02,0,b'250316_dmd0_iterative_compensation_pinning.pkl',2.0,100.0,6.0,100.0,14.0,30.0,0.0,18.0,590.0,1.0,0.0,0.975,10.0,1.0,12.0,22.0,7.26,10.0,35.0,28.0,30.0,0.0,163.4945,200.0,93.0,14.0,40.0,228.2,174.746,5.0,773.0,0.0
151,151,2025/03/22 22:24:21,0,b'250316_dmd0_iterative_compensation_pinning.pkl',2.0,100.0,7.0,100.0,14.0,30.0,0.0,18.0,590.0,2.0,0.0,0.975,10.0,1.0,12.0,22.0,7.26,10.0,35.0,28.0,30.0,0.0,163.4945,200.0,93.0,14.0,40.0,228.2,174.746,5.0,773.0,0.0
152,152,2025/03/22 22:24:39,0,b'250316_dmd0_iterative_compensation_pinning.pkl',2.0,100.0,8.0,100.0,14.0,30.0,0.0,18.0,590.0,1.0,0.0,0.975,10.0,1.0,12.0,22.0,7.26,10.0,35.0,28.0,30.0,0.0,163.4945,200.0,93.0,14.0,40.0,228.2,174.746,5.0,773.0,0.0
153,153,2025/03/22 22:24:58,0,b'250316_dmd0_iterative_compensation_pinning.pkl',2.0,100.0,0.0,100.0,14.0,30.0,0.0,18.0,590.0,0.0,0.0,0.975,10.0,1.0,12.0,22.0,7.26,10.0,35.0,28.0,30.0,0.0,163.4945,200.0,93.0,14.0,40.0,228.2,174.746,5.0,773.0,0.0
154,154,2025/03/22 22:25:17,0,b'250316_dmd0_iterative_compensation_pinning.pkl',2.0,100.0,1.0,100.0,14.0,30.0,0.0,18.0,590.0,2.0,0.0,0.975,10.0,1.0,12.0,22.0,7.26,10.0,35.0,28.0,30.0,0.0,163.4945,200.0,93.0,14.0,40.0,228.2,174.746,5.0,773.0,0.0
155,155,2025/03/22 22:25:36,0,b'250316_dmd0_iterative_compensation_pinning.pkl',2.0,100.0,2.0,100.0,14.0,30.0,0.0,18.0,590.0,1.0,0.0,0.975,10.0,1.0,12.0,22.0,7.26,10.0,35.0,28.0,30.0,0.0,163.4945,200.0,93.0,14.0,40.0,228.2,174.746,5.0,773.0,0.0
156,156,2025/03/22 22:25:54,0,b'250316_dmd0_iterative_compensation_pinning.pkl',2.0,100.0,3.0,100.0,14.0,30.0,0.0,18.0,590.0,2.0,0.0,0.975,10.0,1.0,12.0,22.0,7.26,10.0,35.0,28.0,30.0,0.0,163.4945,200.0,93.0,14.0,40.0,228.2,174.746,5.0,773.0,0.0
157,157,2025/03/22 22:26:13,0,b'250316_dmd0_iterative_compensation_pinning.pkl',2.0,100.0,4.0,100.0,14.0,30.0,0.0,18.0,590.0,1.0,0.0,0.975,10.0,1.0,12.0,22.0,7.26,10.0,35.0,28.0,30.0,0.0,163.4945,200.0,93.0,14.0,40.0,228.2,174.746,5.0,773.0,0.0
158,158,2025/03/22 22:26:32,0,b'250316_dmd0_iterative_compensation_pinning.pkl',2.0,100.0,5.0,100.0,14.0,30.0,0.0,18.0,590.0,2.0,0.0,0.975,10.0,1.0,12.0,22.0,7.26,10.0,35.0,28.0,30.0,0.0,163.4945,200.0,93.0,14.0,40.0,228.2,174.746,5.0,773.0,0.0
159,159,2025/03/22 22:26:51,0,b'250316_dmd0_iterative_compensation_pinning.pkl',2.0,100.0,6.0,100.0,14.0,30.0,0.0,18.0,590.0,1.0,0.0,0.975,10.0,1.0,12.0,22.0,7.26,10.0,35.0,28.0,30.0,0.0,163.4945,200.0,93.0,14.0,40.0,228.2,174.746,5.0,773.0,0.0
160,160,2025/03/22 22:27:10,0,b'250316_dmd0_iterative_compensation_pinning.pkl',2.0,100.0,7.0,100.0,14.0,30.0,0.0,18.0,590.0,2.0,0.0,0.975,10.0,1.0,12.0,22.0,7.26,10.0,35.0,28.0,30.0,0.0,163.4945,200.0,93.0,14.0,40.0,228.2,174.746,5.0,773.0,0.0
161,161,2025/03/22 22:27:28,0,b'250316_dmd0_iterative_compensation_pinning.pkl',2.0,100.0,8.0,100.0,14.0,30.0,0.0,18.0,590.0,1.0,0.0,0.975,10.0,1.0,12.0,22.0,7.26,10.0,35.0,28.0,30.0,0.0,163.4945,200.0,93.0,14.0,40.0,228.2,174.746,5.0,773.0,0.0
162,162,2025/03/22 22:27:47,0,b'250316_dmd0_iterative_compensation_pinning.pkl',2.0,100.0,0.0,100.0,14.0,30.0,0.0,18.0,590.0,0.0,0.0,0.975,10.0,1.0,12.0,22.0,7.26,10.0,35.0,28.0,30.0,0.0,163.4945,200.0,93.0,14.0,40.0,228.2,174.746,5.0,773.0,0.0
163,163,2025/03/22 22:28:05,0,b'250316_dmd0_iterative_compensation_pinning.pkl',2.0,100.0,1.0,100.0,14.0,30.0,0.0,18.0,590.0,2.0,0.0,0.975,10.0,1.0,12.0,22.0,7.26,10.0,35.0,28.0,30.0,0.0,163.4945,200.0,93.0,14.0,40.0,228.2,174.746,5.0,773.0,0.0
164,164,2025/03/22 22:28:24,0,b'250316_dmd0_iterative_compensation_pinning.pkl',2.0,100.0,2.0,100.0,14.0,30.0,0.0,18.0,590.0,1.0,0.0,0.975,10.0,1.0,12.0,22.0,7.26,10.0,35.0,28.0,30.0,0.0,163.4945,200.0,93.0,14.0,40.0,228.2,174.746,5.0,773.0,0.0
165,165,2025/03/22 22:28:42,0,b'250316_dmd0_iterative_compensation_pinning.pkl',2.0,100.0,3.0,100.0,14.0,30.0,0.0,18.0,590.0,2.0,0.0,0.975,10.0,1.0,12.0,22.0,7.26,10.0,35.0,28.0,30.0,0.0,163.4945,200.0,93.0,14.0,40.0,228.2,174.746,5.0,773.0,0.0
166,166,2025/03/22 22:29:01,0,b'250316_dmd0_iterative_compensation_pinning.pkl',2.0,100.0,4.0,100.0,14.0,30.0,0.0,18.0,590.0,1.0,0.0,0.975,10.0,1.0,12.0,22.0,7.26,10.0,35.0,28.0,30.0,0.0,163.4945,200.0,93.0,14.0,40.0,228.2,174.746,5.0,773.0,0.0
167,167,2025/03/22 22:29:19,0,b'250316_dmd0_iterative_compensation_pinning.pkl',2.0,100.0,5.0,100.0,14.0,30.0,0.0,18.0,590.0,2.0,0.0,0.975,10.0,1.0,12.0,22.0,7.26,10.0,35.0,28.0,30.0,0.0,163.4945,200.0,93.0,14.0,40.0,228.2,174.746,5.0,773.0,0.0
168,168,2025/03/22 22:29:37,0,b'250316_dmd0_iterative_compensation_pinning.pkl',2.0,100.0,6.0,100.0,14.0,30.0,0.0,18.0,590.0,1.0,0.0,0.975,10.0,1.0,12.0,22.0,7.26,10.0,35.0,28.0,30.0,0.0,163.4945,200.0,93.0,14.0,40.0,228.2,174.746,5.0,773.0,0.0
169,169,2025/03/22 22:29:56,0,b'250316_dmd0_iterative_compensation_pinning.pkl',2.0,100.0,7.0,100.0,14.0,30.0,0.0,18.0,590.0,2.0,0.0,0.975,10.0,1.0,12.0,22.0,7.26,10.0,35.0,28.0,30.0,0.0,163.4945,200.0,93.0,14.0,40.0,228.2,174.746,5.0,773.0,0.0
170,170,2025/03/22 22:30:14,0,b'250316_dmd0_iterative_compensation_pinning.pkl',2.0,100.0,8.0,100.0,14.0,30.0,0.0,18.0,590.0,1.0,0.0,0.975,10.0,1.0,12.0,22.0,7.26,10.0,35.0,28.0,30.0,0.0,163.4945,200.0,93.0,14.0,40.0,228.2,174.746,5.0,773.0,0.0
171,171,2025/03/22 22:30:33,0,b'250316_dmd0_iterative_compensation_pinning.pkl',2.0,100.0,0.0,100.0,14.0,30.0,0.0,18.0,590.0,0.0,0.0,0.975,10.0,1.0,12.0,22.0,7.26,10.0,35.0,28.0,30.0,0.0,163.4945,200.0,93.0,14.0,40.0,228.2,174.746,5.0,773.0,0.0
172,172,2025/03/22 22:30:51,0,b'250316_dmd0_iterative_compensation_pinning.pkl',2.0,100.0,1.0,100.0,14.0,30.0,0.0,18.0,590.0,2.0,0.0,0.975,10.0,1.0,12.0,22.0,7.26,10.0,35.0,28.0,30.0,0.0,163.4945,200.0,93.0,14.0,40.0,228.2,174.746,5.0,773.0,0.0
173,173,2025/03/22 22:31:09,0,b'250316_dmd0_iterative_compensation_pinning.pkl',2.0,100.0,2.0,100.0,14.0,30.0,0.0,18.0,590.0,1.0,0.0,0.975,10.0,1.0,12.0,22.0,7.26,10.0,35.0,28.0,30.0,0.0,163.4945,200.0,93.0,14.0,40.0,228.2,174.746,5.0,773.0,0.0
174,174,2025/03/22 22:31:28,0,b'250316_dmd0_iterative_compensation_pinning.pkl',2.0,100.0,3.0,100.0,14.0,30.0,0.0,18.0,590.0,2.0,0.0,0.975,10.0,1.0,12.0,22.0,7.26,10.0,35.0,28.0,30.0,0.0,163.4945,200.0,93.0,14.0,40.0,228.2,174.746,5.0,773.0,0.0
175,175,2025/03/22 22:31:47,0,b'250316_dmd0_iterative_compensation_pinning.pkl',2.0,100.0,4.0,100.0,14.0,30.0,0.0,18.0,590.0,1.0,0.0,0.975,10.0,1.0,12.0,22.0,7.26,10.0,35.0,28.0,30.0,0.0,163.4945,200.0,93.0,14.0,40.0,228.2,174.746,5.0,773.0,0.0
176,176,2025/03/22 22:32:06,0,b'250316_dmd0_iterative_compensation_pinning.pkl',2.0,100.0,5.0,100.0,14.0,30.0,0.0,18.0,590.0,2.0,0.0,0.975,10.0,1.0,12.0,22.0,7.26,10.0,35.0,28.0,30.0,0.0,163.4945,200.0,93.0,14.0,40.0,228.2,174.746,5.0,773.0,0.0
177,177,2025/03/22 22:32:24,0,b'250316_dmd0_iterative_compensation_pinning.pkl',2.0,100.0,6.0,100.0,14.0,30.0,0.0,18.0,590.0,1.0,0.0,0.975,10.0,1.0,12.0,22.0,7.26,10.0,35.0,28.0,30.0,0.0,163.4945,200.0,93.0,14.0,40.0,228.2,174.746,5.0,773.0,0.0
178,178,2025/03/22 22:32:42,0,b'250316_dmd0_iterative_compensation_pinning.pkl',2.0,100.0,7.0,100.0,14.0,30.0,0.0,18.0,590.0,2.0,0.0,0.975,10.0,1.0,12.0,22.0,7.26,10.0,35.0,28.0,30.0,0.0,163.4945,200.0,93.0,14.0,40.0,228.2,174.746,5.0,773.0,0.0
179,179,2025/03/22 22:33:01,0,b'250316_dmd0_iterative_compensation_pinning.pkl',2.0,100.0,8.0,100.0,14.0,30.0,0.0,18.0,590.0,1.0,0.0,0.975,10.0,1.0,12.0,22.0,7.26,10.0,35.0,28.0,30.0,0.0,163.4945,200.0,93.0,14.0,40.0,228.2,174.746,5.0,773.0,0.0
180,180,2025/03/22 22:33:19,0,b'250316_dmd0_iterative_compensation_pinning.pkl',2.0,100.0,0.0,100.0,14.0,30.0,0.0,18.0,590.0,0.0,0.0,0.975,10.0,1.0,12.0,22.0,7.26,10.0,35.0,28.0,30.0,0.0,163.4945,200.0,93.0,14.0,40.0,228.2,174.746,5.0,773.0,0.0
181,181,2025/03/22 22:33:38,0,b'250316_dmd0_iterative_compensation_pinning.pkl',2.0,100.0,1.0,100.0,14.0,30.0,0.0,18.0,590.0,2.0,0.0,0.975,10.0,1.0,12.0,22.0,7.26,10.0,35.0,28.0,30.0,0.0,163.4945,200.0,93.0,14.0,40.0,228.2,174.746,5.0,773.0,0.0
182,182,2025/03/22 22:33:56,0,b'250316_dmd0_iterative_compensation_pinning.pkl',2.0,100.0,2.0,100.0,14.0,30.0,0.0,18.0,590.0,1.0,0.0,0.975,10.0,1.0,12.0,22.0,7.26,10.0,35.0,28.0,30.0,0.0,163.4945,200.0,93.0,14.0,40.0,228.2,174.746,5.0,773.0,0.0
183,183,2025/03/22 22:34:15,0,b'250316_dmd0_iterative_compensation_pinning.pkl',2.0,100.0,3.0,100.0,14.0,30.0,0.0,18.0,590.0,2.0,0.0,0.975,10.0,1.0,12.0,22.0,7.26,10.0,35.0,28.0,30.0,0.0,163.4945,200.0,93.0,14.0,40.0,228.2,174.746,5.0,773.0,0.0
184,184,2025/03/22 22:34:33,0,b'250316_dmd0_iterative_compensation_pinning.pkl',2.0,100.0,4.0,100.0,14.0,30.0,0.0,18.0,590.0,1.0,0.0,0.975,10.0,1.0,12.0,22.0,7.26,10.0,35.0,28.0,30.0,0.0,163.4945,200.0,93.0,14.0,40.0,228.2,174.746,5.0,773.0,0.0
185,185,2025/03/22 22:34:52,0,b'250316_dmd0_iterative_compensation_pinning.pkl',2.0,100.0,5.0,100.0,14.0,30.0,0.0,18.0,590.0,2.0,0.0,0.975,10.0,1.0,12.0,22.0,7.26,10.0,35.0,28.0,30.0,0.0,163.4945,200.0,93.0,14.0,40.0,228.2,174.746,5.0,773.0,0.0
186,186,2025/03/22 22:35:11,0,b'250316_dmd0_iterative_compensation_pinning.pkl',2.0,100.0,6.0,100.0,14.0,30.0,0.0,18.0,590.0,1.0,0.0,0.975,10.0,1.0,12.0,22.0,7.26,10.0,35.0,28.0,30.0,0.0,163.4945,200.0,93.0,14.0,40.0,228.2,174.746,5.0,773.0,0.0
187,187,2025/03/22 22:35:29,0,b'250316_dmd0_iterative_compensation_pinning.pkl',2.0,100.0,7.0,100.0,14.0,30.0,0.0,18.0,590.0,2.0,0.0,0.975,10.0,1.0,12.0,22.0,7.26,10.0,35.0,28.0,30.0,0.0,163.4945,200.0,93.0,14.0,40.0,228.2,174.746,5.0,773.0,0.0
188,188,2025/03/22 22:35:47,0,b'250316_dmd0_iterative_compensation_pinning.pkl',2.0,100.0,8.0,100.0,14.0,30.0,0.0,18.0,590.0,1.0,0.0,0.975,10.0,1.0,12.0,22.0,7.26,10.0,35.0,28.0,30.0,0.0,163.4945,200.0,93.0,14.0,40.0,228.2,174.746,5.0,773.0,0.0
189,189,2025/03/22 22:36:05,0,b'250316_dmd0_iterative_compensation_pinning.pkl',2.0,100.0,0.0,100.0,14.0,30.0,0.0,18.0,590.0,0.0,0.0,0.975,10.0,1.0,12.0,22.0,7.26,10.0,35.0,28.0,30.0,0.0,163.4945,200.0,93.0,14.0,40.0,228.2,174.746,5.0,773.0,0.0
190,190,2025/03/22 22:36:24,0,b'250316_dmd0_iterative_compensation_pinning.pkl',2.0,100.0,1.0,100.0,14.0,30.0,0.0,18.0,590.0,2.0,0.0,0.975,10.0,1.0,12.0,22.0,7.26,10.0,35.0,28.0,30.0,0.0,163.4945,200.0,93.0,14.0,40.0,228.2,174.746,5.0,773.0,0.0
191,191,2025/03/22 22:36:42,0,b'250316_dmd0_iterative_compensation_pinning.pkl',2.0,100.0,2.0,100.0,14.0,30.0,0.0,18.0,590.0,1.0,0.0,0.975,10.0,1.0,12.0,22.0,7.26,10.0,35.0,28.0,30.0,0.0,163.4945,200.0,93.0,14.0,40.0,228.2,174.746,5.0,773.0,0.0
192,192,2025/03/22 22:37:00,0,b'250316_dmd0_iterative_compensation_pinning.pkl',2.0,100.0,3.0,100.0,14.0,30.0,0.0,18.0,590.0,2.0,0.0,0.975,10.0,1.0,12.0,22.0,7.26,10.0,35.0,28.0,30.0,0.0,163.4945,200.0,93.0,14.0,40.0,228.2,174.746,5.0,773.0,0.0
193,193,2025/03/22 22:37:18,0,b'250316_dmd0_iterative_compensation_pinning.pkl',2.0,100.0,4.0,100.0,14.0,30.0,0.0,18.0,590.0,1.0,0.0,0.975,10.0,1.0,12.0,22.0,7.26,10.0,35.0,28.0,30.0,0.0,163.4945,200.0,93.0,14.0,40.0,228.2,174.746,5.0,773.0,0.0
194,194,2025/03/22 22:37:36,0,b'250316_dmd0_iterative_compensation_pinning.pkl',2.0,100.0,5.0,100.0,14.0,30.0,0.0,18.0,590.0,2.0,0.0,0.975,10.0,1.0,12.0,22.0,7.26,10.0,35.0,28.0,30.0,0.0,163.4945,200.0,93.0,14.0,40.0,228.2,174.746,5.0,773.0,0.0
195,195,2025/03/22 22:37:54,0,b'250316_dmd0_iterative_compensation_pinning.pkl',2.0,100.0,6.0,100.0,14.0,30.0,0.0,18.0,590.0,1.0,0.0,0.975,10.0,1.0,12.0,22.0,7.26,10.0,35.0,28.0,30.0,0.0,163.4945,200.0,93.0,14.0,40.0,228.2,174.746,5.0,773.0,0.0
196,196,2025/03/22 22:38:12,0,b'250316_dmd0_iterative_compensation_pinning.pkl',2.0,100.0,7.0,100.0,14.0,30.0,0.0,18.0,590.0,2.0,0.0,0.975,10.0,1.0,12.0,22.0,7.26,10.0,35.0,28.0,30.0,0.0,163.4945,200.0,93.0,14.0,40.0,228.2,174.746,5.0,773.0,0.0
197,197,2025/03/22 22:38:30,0,b'250316_dmd0_iterative_compensation_pinning.pkl',2.0,100.0,8.0,100.0,14.0,30.0,0.0,18.0,590.0,1.0,0.0,0.975,10.0,1.0,12.0,22.0,7.26,10.0,35.0,28.0,30.0,0.0,163.4945,200.0,93.0,14.0,40.0,228.2,174.746,5.0,773.0,0.0
198,198,2025/03/22 22:38:48,0,b'250316_dmd0_iterative_compensation_pinning.pkl',2.0,100.0,0.0,100.0,14.0,30.0,0.0,18.0,590.0,0.0,0.0,0.975,10.0,1.0,12.0,22.0,7.26,10.0,35.0,28.0,30.0,0.0,163.4945,200.0,93.0,14.0,40.0,228.2,174.746,5.0,773.0,0.0
199,199,2025/03/22 22:39:06,0,b'250316_dmd0_iterative_compensation_pinning.pkl',2.0,100.0,1.0,100.0,14.0,30.0,0.0,18.0,590.0,2.0,0.0,0.975,10.0,1.0,12.0,22.0,7.26,10.0,35.0,28.0,30.0,0.0,163.4945,200.0,93.0,14.0,40.0,228.2,174.746,5.0,773.0,0.0
200,200,2025/03/22 22:39:24,0,b'250316_dmd0_iterative_compensation_pinning.pkl',2.0,100.0,2.0,100.0,14.0,30.0,0.0,18.0,590.0,1.0,0.0,0.975,10.0,1.0,12.0,22.0,7.26,10.0,35.0,28.0,30.0,0.0,163.4945,200.0,93.0,14.0,40.0,228.2,174.746,5.0,773.0,0.0
201,201,2025/03/22 22:39:43,0,b'250316_dmd0_iterative_compensation_pinning.pkl',2.0,100.0,3.0,100.0,14.0,30.0,0.0,18.0,590.0,2.0,0.0,0.975,10.0,1.0,12.0,22.0,7.26,10.0,35.0,28.0,30.0,0.0,163.4945,200.0,93.0,14.0,40.0,228.2,174.746,5.0,773.0,0.0
202,202,2025/03/22 22:40:01,0,b'250316_dmd0_iterative_compensation_pinning.pkl',2.0,100.0,4.0,100.0,14.0,30.0,0.0,18.0,590.0,1.0,0.0,0.975,10.0,1.0,12.0,22.0,7.26,10.0,35.0,28.0,30.0,0.0,163.4945,200.0,93.0,14.0,40.0,228.2,174.746,5.0,773.0,0.0
203,203,2025/03/22 22:40:19,0,b'250316_dmd0_iterative_compensation_pinning.pkl',2.0,100.0,5.0,100.0,14.0,30.0,0.0,18.0,590.0,2.0,0.0,0.975,10.0,1.0,12.0,22.0,7.26,10.0,35.0,28.0,30.0,0.0,163.4945,200.0,93.0,14.0,40.0,228.2,174.746,5.0,773.0,0.0
204,204,2025/03/22 22:40:37,0,b'250316_dmd0_iterative_compensation_pinning.pkl',2.0,100.0,6.0,100.0,14.0,30.0,0.0,18.0,590.0,1.0,0.0,0.975,10.0,1.0,12.0,22.0,7.26,10.0,35.0,28.0,30.0,0.0,163.4945,200.0,93.0,14.0,40.0,228.2,174.746,5.0,773.0,0.0
205,205,2025/03/22 22:40:55,0,b'250316_dmd0_iterative_compensation_pinning.pkl',2.0,100.0,7.0,100.0,14.0,30.0,0.0,18.0,590.0,2.0,0.0,0.975,10.0,1.0,12.0,22.0,7.26,10.0,35.0,28.0,30.0,0.0,163.4945,200.0,93.0,14.0,40.0,228.2,174.746,5.0,773.0,0.0
206,206,2025/03/22 22:41:13,0,b'250316_dmd0_iterative_compensation_pinning.pkl',2.0,100.0,8.0,100.0,14.0,30.0,0.0,18.0,590.0,1.0,0.0,0.975,10.0,1.0,12.0,22.0,7.26,10.0,35.0,28.0,30.0,0.0,163.4945,200.0,93.0,14.0,40.0,228.2,174.746,5.0,773.0,0.0
207,207,2025/03/22 22:41:31,0,b'250316_dmd0_iterative_compensation_pinning.pkl',2.0,100.0,0.0,100.0,14.0,30.0,0.0,18.0,590.0,0.0,0.0,0.975,10.0,1.0,12.0,22.0,7.26,10.0,35.0,28.0,30.0,0.0,163.4945,200.0,93.0,14.0,40.0,228.2,174.746,5.0,773.0,0.0
208,208,2025/03/22 22:41:49,0,b'250316_dmd0_iterative_compensation_pinning.pkl',2.0,100.0,1.0,100.0,14.0,30.0,0.0,18.0,590.0,2.0,0.0,0.975,10.0,1.0,12.0,22.0,7.26,10.0,35.0,28.0,30.0,0.0,163.4945,200.0,93.0,14.0,40.0,228.2,174.746,5.0,773.0,0.0
209,209,2025/03/22 22:42:07,0,b'250316_dmd0_iterative_compensation_pinning.pkl',2.0,100.0,2.0,100.0,14.0,30.0,0.0,18.0,590.0,1.0,0.0,0.975,10.0,1.0,12.0,22.0,7.26,10.0,35.0,28.0,30.0,0.0,163.4945,200.0,93.0,14.0,40.0,228.2,174.746,5.0,773.0,0.0
210,210,2025/03/22 22:42:26,0,b'250316_dmd0_iterative_compensation_pinning.pkl',2.0,100.0,3.0,100.0,14.0,30.0,0.0,18.0,590.0,2.0,0.0,0.975,10.0,1.0,12.0,22.0,7.26,10.0,35.0,28.0,30.0,0.0,163.4945,200.0,93.0,14.0,40.0,228.2,174.746,5.0,773.0,0.0
211,211,2025/03/22 22:42:44,0,b'250316_dmd0_iterative_compensation_pinning.pkl',2.0,100.0,4.0,100.0,14.0,30.0,0.0,18.0,590.0,1.0,0.0,0.975,10.0,1.0,12.0,22.0,7.26,10.0,35.0,28.0,30.0,0.0,163.4945,200.0,93.0,14.0,40.0,228.2,174.746,5.0,773.0,0.0
212,212,2025/03/22 22:43:02,0,b'250316_dmd0_iterative_compensation_pinning.pkl',2.0,100.0,5.0,100.0,14.0,30.0,0.0,18.0,590.0,2.0,0.0,0.975,10.0,1.0,12.0,22.0,7.26,10.0,35.0,28.0,30.0,0.0,163.4945,200.0,93.0,14.0,40.0,228.2,174.746,5.0,773.0,0.0
213,213,2025/03/22 22:43:20,0,b'250316_dmd0_iterative_compensation_pinning.pkl',2.0,100.0,6.0,100.0,14.0,30.0,0.0,18.0,590.0,1.0,0.0,0.975,10.0,1.0,12.0,22.0,7.26,10.0,35.0,28.0,30.0,0.0,163.4945,200.0,93.0,14.0,40.0,228.2,174.746,5.0,773.0,0.0
214,214,2025/03/22 22:43:38,0,b'250316_dmd0_iterative_compensation_pinning.pkl',2.0,100.0,7.0,100.0,14.0,30.0,0.0,18.0,590.0,2.0,0.0,0.975,10.0,1.0,12.0,22.0,7.26,10.0,35.0,28.0,30.0,0.0,163.4945,200.0,93.0,14.0,40.0,228.2,174.746,5.0,773.0,0.0
215,215,2025/03/22 22:43:56,0,b'250316_dmd0_iterative_compensation_pinning.pkl',2.0,100.0,8.0,100.0,14.0,30.0,0.0,18.0,590.0,1.0,0.0,0.975,10.0,1.0,12.0,22.0,7.26,10.0,35.0,28.0,30.0,0.0,163.4945,200.0,93.0,14.0,40.0,228.2,174.746,5.0,773.0,0.0
216,216,2025/03/22 22:44:14,0,b'250316_dmd0_iterative_compensation_pinning.pkl',2.0,100.0,0.0,100.0,14.0,30.0,0.0,18.0,590.0,0.0,0.0,0.975,10.0,1.0,12.0,22.0,7.26,10.0,35.0,28.0,30.0,0.0,163.4945,200.0,93.0,14.0,40.0,228.2,174.746,5.0,773.0,0.0
217,217,2025/03/22 22:44:32,0,b'250316_dmd0_iterative_compensation_pinning.pkl',2.0,100.0,1.0,100.0,14.0,30.0,0.0,18.0,590.0,2.0,0.0,0.975,10.0,1.0,12.0,22.0,7.26,10.0,35.0,28.0,30.0,0.0,163.4945,200.0,93.0,14.0,40.0,228.2,174.746,5.0,773.0,0.0
218,218,2025/03/22 22:44:50,0,b'250316_dmd0_iterative_compensation_pinning.pkl',2.0,100.0,2.0,100.0,14.0,30.0,0.0,18.0,590.0,1.0,0.0,0.975,10.0,1.0,12.0,22.0,7.26,10.0,35.0,28.0,30.0,0.0,163.4945,200.0,93.0,14.0,40.0,228.2,174.746,5.0,773.0,0.0
219,219,2025/03/22 22:45:08,0,b'250316_dmd0_iterative_compensation_pinning.pkl',2.0,100.0,3.0,100.0,14.0,30.0,0.0,18.0,590.0,2.0,0.0,0.975,10.0,1.0,12.0,22.0,7.26,10.0,35.0,28.0,30.0,0.0,163.4945,200.0,93.0,14.0,40.0,228.2,174.746,5.0,773.0,0.0
220,220,2025/03/22 22:45:26,0,b'250316_dmd0_iterative_compensation_pinning.pkl',2.0,100.0,4.0,100.0,14.0,30.0,0.0,18.0,590.0,1.0,0.0,0.975,10.0,1.0,12.0,22.0,7.26,10.0,35.0,28.0,30.0,0.0,163.4945,200.0,93.0,14.0,40.0,228.2,174.746,5.0,773.0,0.0
221,221,2025/03/22 22:45:44,0,b'250316_dmd0_iterative_compensation_pinning.pkl',2.0,100.0,5.0,100.0,14.0,30.0,0.0,18.0,590.0,2.0,0.0,0.975,10.0,1.0,12.0,22.0,7.26,10.0,35.0,28.0,30.0,0.0,163.4945,200.0,93.0,14.0,40.0,228.2,174.746,5.0,773.0,0.0
222,222,2025/03/22 22:46:02,0,b'250316_dmd0_iterative_compensation_pinning.pkl',2.0,100.0,6.0,100.0,14.0,30.0,0.0,18.0,590.0,1.0,0.0,0.975,10.0,1.0,12.0,22.0,7.26,10.0,35.0,28.0,30.0,0.0,163.4945,200.0,93.0,14.0,40.0,228.2,174.746,5.0,773.0,0.0
223,223,2025/03/22 22:46:20,0,b'250316_dmd0_iterative_compensation_pinning.pkl',2.0,100.0,7.0,100.0,14.0,30.0,0.0,18.0,590.0,2.0,0.0,0.975,10.0,1.0,12.0,22.0,7.26,10.0,35.0,28.0,30.0,0.0,163.4945,200.0,93.0,14.0,40.0,228.2,174.746,5.0,773.0,0.0
224,224,2025/03/22 22:46:38,0,b'250316_dmd0_iterative_compensation_pinning.pkl',2.0,100.0,8.0,100.0,14.0,30.0,0.0,18.0,590.0,1.0,0.0,0.975,10.0,1.0,12.0,22.0,7.26,10.0,35.0,28.0,30.0,0.0,163.4945,200.0,93.0,14.0,40.0,228.2,174.746,5.0,773.0,0.0
225,225,2025/03/22 22:46:57,0,b'250316_dmd0_iterative_compensation_pinning.pkl',2.0,100.0,0.0,100.0,14.0,30.0,0.0,18.0,590.0,0.0,0.0,0.975,10.0,1.0,12.0,22.0,7.26,10.0,35.0,28.0,30.0,0.0,163.4945,200.0,93.0,14.0,40.0,228.2,174.746,5.0,773.0,0.0
226,226,2025/03/22 22:47:15,0,b'250316_dmd0_iterative_compensation_pinning.pkl',2.0,100.0,1.0,100.0,14.0,30.0,0.0,18.0,590.0,2.0,0.0,0.975,10.0,1.0,12.0,22.0,7.26,10.0,35.0,28.0,30.0,0.0,163.4945,200.0,93.0,14.0,40.0,228.2,174.746,5.0,773.0,0.0
227,227,2025/03/22 22:47:33,0,b'250316_dmd0_iterative_compensation_pinning.pkl',2.0,100.0,2.0,100.0,14.0,30.0,0.0,18.0,590.0,1.0,0.0,0.975,10.0,1.0,12.0,22.0,7.26,10.0,35.0,28.0,30.0,0.0,163.4945,200.0,93.0,14.0,40.0,228.2,174.746,5.0,773.0,0.0
228,228,2025/03/22 22:47:51,0,b'250316_dmd0_iterative_compensation_pinning.pkl',2.0,100.0,3.0,100.0,14.0,30.0,0.0,18.0,590.0,2.0,0.0,0.975,10.0,1.0,12.0,22.0,7.26,10.0,35.0,28.0,30.0,0.0,163.4945,200.0,93.0,14.0,40.0,228.2,174.746,5.0,773.0,0.0
229,229,2025/03/22 22:48:09,0,b'250316_dmd0_iterative_compensation_pinning.pkl',2.0,100.0,4.0,100.0,14.0,30.0,0.0,18.0,590.0,1.0,0.0,0.975,10.0,1.0,12.0,22.0,7.26,10.0,35.0,28.0,30.0,0.0,163.4945,200.0,93.0,14.0,40.0,228.2,174.746,5.0,773.0,0.0
230,230,2025/03/22 22:48:27,0,b'250316_dmd0_iterative_compensation_pinning.pkl',2.0,100.0,5.0,100.0,14.0,30.0,0.0,18.0,590.0,2.0,0.0,0.975,10.0,1.0,12.0,22.0,7.26,10.0,35.0,28.0,30.0,0.0,163.4945,200.0,93.0,14.0,40.0,228.2,174.746,5.0,773.0,0.0
231,231,2025/03/22 22:48:45,0,b'250316_dmd0_iterative_compensation_pinning.pkl',2.0,100.0,6.0,100.0,14.0,30.0,0.0,18.0,590.0,1.0,0.0,0.975,10.0,1.0,12.0,22.0,7.26,10.0,35.0,28.0,30.0,0.0,163.4945,200.0,93.0,14.0,40.0,228.2,174.746,5.0,773.0,0.0
232,232,2025/03/22 22:49:03,0,b'250316_dmd0_iterative_compensation_pinning.pkl',2.0,100.0,7.0,100.0,14.0,30.0,0.0,18.0,590.0,2.0,0.0,0.975,10.0,1.0,12.0,22.0,7.26,10.0,35.0,28.0,30.0,0.0,163.4945,200.0,93.0,14.0,40.0,228.2,174.746,5.0,773.0,0.0
233,233,2025/03/22 22:49:22,0,b'250316_dmd0_iterative_compensation_pinning.pkl',2.0,100.0,8.0,100.0,14.0,30.0,0.0,18.0,590.0,1.0,0.0,0.975,10.0,1.0,12.0,22.0,7.26,10.0,35.0,28.0,30.0,0.0,163.4945,200.0,93.0,14.0,40.0,228.2,174.746,5.0,773.0,0.0
234,234,2025/03/22 22:49:40,0,b'250316_dmd0_iterative_compensation_pinning.pkl',2.0,100.0,0.0,100.0,14.0,30.0,0.0,18.0,590.0,0.0,0.0,0.975,10.0,1.0,12.0,22.0,7.26,10.0,35.0,28.0,30.0,0.0,163.4945,200.0,93.0,14.0,40.0,228.2,174.746,5.0,773.0,0.0
235,235,2025/03/22 22:49:58,0,b'250316_dmd0_iterative_compensation_pinning.pkl',2.0,100.0,1.0,100.0,14.0,30.0,0.0,18.0,590.0,2.0,0.0,0.975,10.0,1.0,12.0,22.0,7.26,10.0,35.0,28.0,30.0,0.0,163.4945,200.0,93.0,14.0,40.0,228.2,174.746,5.0,773.0,0.0
236,236,2025/03/22 22:50:16,0,b'250316_dmd0_iterative_compensation_pinning.pkl',2.0,100.0,2.0,100.0,14.0,30.0,0.0,18.0,590.0,1.0,0.0,0.975,10.0,1.0,12.0,22.0,7.26,10.0,35.0,28.0,30.0,0.0,163.4945,200.0,93.0,14.0,40.0,228.2,174.746,5.0,773.0,0.0
237,237,2025/03/22 22:50:34,0,b'250316_dmd0_iterative_compensation_pinning.pkl',2.0,100.0,3.0,100.0,14.0,30.0,0.0,18.0,590.0,2.0,0.0,0.975,10.0,1.0,12.0,22.0,7.26,10.0,35.0,28.0,30.0,0.0,163.4945,200.0,93.0,14.0,40.0,228.2,174.746,5.0,773.0,0.0
238,238,2025/03/22 22:50:52,0,b'250316_dmd0_iterative_compensation_pinning.pkl',2.0,100.0,4.0,100.0,14.0,30.0,0.0,18.0,590.0,1.0,0.0,0.975,10.0,1.0,12.0,22.0,7.26,10.0,35.0,28.0,30.0,0.0,163.4945,200.0,93.0,14.0,40.0,228.2,174.746,5.0,773.0,0.0
239,239,2025/03/22 22:51:10,0,b'250316_dmd0_iterative_compensation_pinning.pkl',2.0,100.0,5.0,100.0,14.0,30.0,0.0,18.0,590.0,2.0,0.0,0.975,10.0,1.0,12.0,22.0,7.26,10.0,35.0,28.0,30.0,0.0,163.4945,200.0,93.0,14.0,40.0,228.2,174.746,5.0,773.0,0.0
240,240,2025/03/22 22:51:29,0,b'250316_dmd0_iterative_compensation_pinning.pkl',2.0,100.0,6.0,100.0,14.0,30.0,0.0,18.0,590.0,1.0,0.0,0.975,10.0,1.0,12.0,22.0,7.26,10.0,35.0,28.0,30.0,0.0,163.4945,200.0,93.0,14.0,40.0,228.2,174.746,5.0,773.0,0.0
241,241,2025/03/22 22:51:47,0,b'250316_dmd0_iterative_compensation_pinning.pkl',2.0,100.0,7.0,100.0,14.0,30.0,0.0,18.0,590.0,2.0,0.0,0.975,10.0,1.0,12.0,22.0,7.26,10.0,35.0,28.0,30.0,0.0,163.4945,200.0,93.0,14.0,40.0,228.2,174.746,5.0,773.0,0.0
242,242,2025/03/22 22:52:05,0,b'250316_dmd0_iterative_compensation_pinning.pkl',2.0,100.0,8.0,100.0,14.0,30.0,0.0,18.0,590.0,1.0,0.0,0.975,10.0,1.0,12.0,22.0,7.26,10.0,35.0,28.0,30.0,0.0,163.4945,200.0,93.0,14.0,40.0,228.2,174.746,5.0,773.0,0.0
243,243,2025/03/22 22:52:23,0,b'250316_dmd0_iterative_compensation_pinning.pkl',2.0,100.0,0.0,100.0,14.0,30.0,0.0,18.0,590.0,0.0,0.0,0.975,10.0,1.0,12.0,22.0,7.26,10.0,35.0,28.0,30.0,0.0,163.4945,200.0,93.0,14.0,40.0,228.2,174.746,5.0,773.0,0.0
244,244,2025/03/22 22:52:41,0,b'250316_dmd0_iterative_compensation_pinning.pkl',2.0,100.0,1.0,100.0,14.0,30.0,0.0,18.0,590.0,2.0,0.0,0.975,10.0,1.0,12.0,22.0,7.26,10.0,35.0,28.0,30.0,0.0,163.4945,200.0,93.0,14.0,40.0,228.2,174.746,5.0,773.0,0.0
245,245,2025/03/22 22:52:59,0,b'250316_dmd0_iterative_compensation_pinning.pkl',2.0,100.0,2.0,100.0,14.0,30.0,0.0,18.0,590.0,1.0,0.0,0.975,10.0,1.0,12.0,22.0,7.26,10.0,35.0,28.0,30.0,0.0,163.4945,200.0,93.0,14.0,40.0,228.2,174.746,5.0,773.0,0.0
246,246,2025/03/22 22:53:17,0,b'250316_dmd0_iterative_compensation_pinning.pkl',2.0,100.0,3.0,100.0,14.0,30.0,0.0,18.0,590.0,2.0,0.0,0.975,10.0,1.0,12.0,22.0,7.26,10.0,35.0,28.0,30.0,0.0,163.4945,200.0,93.0,14.0,40.0,228.2,174.746,5.0,773.0,0.0
247,247,2025/03/22 22:53:35,0,b'250316_dmd0_iterative_compensation_pinning.pkl',2.0,100.0,4.0,100.0,14.0,30.0,0.0,18.0,590.0,1.0,0.0,0.975,10.0,1.0,12.0,22.0,7.26,10.0,35.0,28.0,30.0,0.0,163.4945,200.0,93.0,14.0,40.0,228.2,174.746,5.0,773.0,0.0
248,248,2025/03/22 22:53:54,0,b'250316_dmd0_iterative_compensation_pinning.pkl',2.0,100.0,5.0,100.0,14.0,30.0,0.0,18.0,590.0,2.0,0.0,0.975,10.0,1.0,12.0,22.0,7.26,10.0,35.0,28.0,30.0,0.0,163.4945,200.0,93.0,14.0,40.0,228.2,174.746,5.0,773.0,0.0
249,249,2025/03/22 22:54:12,0,b'250316_dmd0_iterative_compensation_pinning.pkl',2.0,100.0,6.0,100.0,14.0,30.0,0.0,18.0,590.0,1.0,0.0,0.975,10.0,1.0,12.0,22.0,7.26,10.0,35.0,28.0,30.0,0.0,163.4945,200.0,93.0,14.0,40.0,228.2,174.746,5.0,773.0,0.0
250,250,2025/03/22 22:54:30,0,b'250316_dmd0_iterative_compensation_pinning.pkl',2.0,100.0,7.0,100.0,14.0,30.0,0.0,18.0,590.0,2.0,0.0,0.975,10.0,1.0,12.0,22.0,7.26,10.0,35.0,28.0,30.0,0.0,163.4945,200.0,93.0,14.0,40.0,228.2,174.746,5.0,773.0,0.0
251,251,2025/03/22 22:54:48,0,b'250316_dmd0_iterative_compensation_pinning.pkl',2.0,100.0,8.0,100.0,14.0,30.0,0.0,18.0,590.0,1.0,0.0,0.975,10.0,1.0,12.0,22.0,7.26,10.0,35.0,28.0,30.0,0.0,163.4945,200.0,93.0,14.0,40.0,228.2,174.746,5.0,773.0,0.0
252,252,2025/03/22 22:55:06,0,b'250316_dmd0_iterative_compensation_pinning.pkl',2.0,100.0,0.0,100.0,14.0,30.0,0.0,18.0,590.0,0.0,0.0,0.975,10.0,1.0,12.0,22.0,7.26,10.0,35.0,28.0,30.0,0.0,163.4945,200.0,93.0,14.0,40.0,228.2,174.746,5.0,773.0,0.0
253,253,2025/03/22 22:55:24,0,b'250316_dmd0_iterative_compensation_pinning.pkl',2.0,100.0,1.0,100.0,14.0,30.0,0.0,18.0,590.0,2.0,0.0,0.975,10.0,1.0,12.0,22.0,7.26,10.0,35.0,28.0,30.0,0.0,163.4945,200.0,93.0,14.0,40.0,228.2,174.746,5.0,773.0,0.0
254,254,2025/03/22 22:55:42,0,b'250316_dmd0_iterative_compensation_pinning.pkl',2.0,100.0,2.0,100.0,14.0,30.0,0.0,18.0,590.0,1.0,0.0,0.975,10.0,1.0,12.0,22.0,7.26,10.0,35.0,28.0,30.0,0.0,163.4945,200.0,93.0,14.0,40.0,228.2,174.746,5.0,773.0,0.0
255,255,2025/03/22 22:56:01,0,b'250316_dmd0_iterative_compensation_pinning.pkl',2.0,100.0,3.0,100.0,14.0,30.0,0.0,18.0,590.0,2.0,0.0,0.975,10.0,1.0,12.0,22.0,7.26,10.0,35.0,28.0,30.0,0.0,163.4945,200.0,93.0,14.0,40.0,228.2,174.746,5.0,773.0,0.0
256,256,2025/03/22 22:56:19,0,b'250316_dmd0_iterative_compensation_pinning.pkl',2.0,100.0,4.0,100.0,14.0,30.0,0.0,18.0,590.0,1.0,0.0,0.975,10.0,1.0,12.0,22.0,7.26,10.0,35.0,28.0,30.0,0.0,163.4945,200.0,93.0,14.0,40.0,228.2,174.746,5.0,773.0,0.0
257,257,2025/03/22 22:56:37,0,b'250316_dmd0_iterative_compensation_pinning.pkl',2.0,100.0,5.0,100.0,14.0,30.0,0.0,18.0,590.0,2.0,0.0,0.975,10.0,1.0,12.0,22.0,7.26,10.0,35.0,28.0,30.0,0.0,163.4945,200.0,93.0,14.0,40.0,228.2,174.746,5.0,773.0,0.0
258,258,2025/03/22 22:56:55,0,b'250316_dmd0_iterative_compensation_pinning.pkl',2.0,100.0,6.0,100.0,14.0,30.0,0.0,18.0,590.0,1.0,0.0,0.975,10.0,1.0,12.0,22.0,7.26,10.0,35.0,28.0,30.0,0.0,163.4945,200.0,93.0,14.0,40.0,228.2,174.746,5.0,773.0,0.0
259,259,2025/03/22 22:57:13,0,b'250316_dmd0_iterative_compensation_pinning.pkl',2.0,100.0,7.0,100.0,14.0,30.0,0.0,18.0,590.0,2.0,0.0,0.975,10.0,1.0,12.0,22.0,7.26,10.0,35.0,28.0,30.0,0.0,163.4945,200.0,93.0,14.0,40.0,228.2,174.746,5.0,773.0,0.0
260,260,2025/03/22 22:57:31,0,b'250316_dmd0_iterative_compensation_pinning.pkl',2.0,100.0,8.0,100.0,14.0,30.0,0.0,18.0,590.0,1.0,0.0,0.975,10.0,1.0,12.0,22.0,7.26,10.0,35.0,28.0,30.0,0.0,163.4945,200.0,93.0,14.0,40.0,228.2,174.746,5.0,773.0,0.0
261,261,2025/03/22 22:57:49,0,b'250316_dmd0_iterative_compensation_pinning.pkl',2.0,100.0,0.0,100.0,14.0,30.0,0.0,18.0,590.0,0.0,0.0,0.975,10.0,1.0,12.0,22.0,7.26,10.0,35.0,28.0,30.0,0.0,163.4945,200.0,93.0,14.0,40.0,228.2,174.746,5.0,773.0,0.0
262,262,2025/03/22 22:58:08,0,b'250316_dmd0_iterative_compensation_pinning.pkl',2.0,100.0,1.0,100.0,14.0,30.0,0.0,18.0,590.0,2.0,0.0,0.975,10.0,1.0,12.0,22.0,7.26,10.0,35.0,28.0,30.0,0.0,163.4945,200.0,93.0,14.0,40.0,228.2,174.746,5.0,773.0,0.0
263,263,2025/03/22 22:58:26,0,b'250316_dmd0_iterative_compensation_pinning.pkl',2.0,100.0,2.0,100.0,14.0,30.0,0.0,18.0,590.0,1.0,0.0,0.975,10.0,1.0,12.0,22.0,7.26,10.0,35.0,28.0,30.0,0.0,163.4945,200.0,93.0,14.0,40.0,228.2,174.746,5.0,773.0,0.0
264,264,2025/03/22 22:58:44,0,b'250316_dmd0_iterative_compensation_pinning.pkl',2.0,100.0,3.0,100.0,14.0,30.0,0.0,18.0,590.0,2.0,0.0,0.975,10.0,1.0,12.0,22.0,7.26,10.0,35.0,28.0,30.0,0.0,163.4945,200.0,93.0,14.0,40.0,228.2,174.746,5.0,773.0,0.0
265,265,2025/03/22 22:59:02,0,b'250316_dmd0_iterative_compensation_pinning.pkl',2.0,100.0,4.0,100.0,14.0,30.0,0.0,18.0,590.0,1.0,0.0,0.975,10.0,1.0,12.0,22.0,7.26,10.0,35.0,28.0,30.0,0.0,163.4945,200.0,93.0,14.0,40.0,228.2,174.746,5.0,773.0,0.0
266,266,2025/03/22 22:59:20,0,b'250316_dmd0_iterative_compensation_pinning.pkl',2.0,100.0,5.0,100.0,14.0,30.0,0.0,18.0,590.0,2.0,0.0,0.975,10.0,1.0,12.0,22.0,7.26,10.0,35.0,28.0,30.0,0.0,163.4945,200.0,93.0,14.0,40.0,228.2,174.746,5.0,773.0,0.0
267,267,2025/03/22 22:59:39,0,b'250316_dmd0_iterative_compensation_pinning.pkl',2.0,100.0,6.0,100.0,14.0,30.0,0.0,18.0,590.0,1.0,0.0,0.975,10.0,1.0,12.0,22.0,7.26,10.0,35.0,28.0,30.0,0.0,163.4945,200.0,93.0,14.0,40.0,228.2,174.746,5.0,773.0,0.0
268,268,2025/03/22 22:59:57,0,b'250316_dmd0_iterative_compensation_pinning.pkl',2.0,100.0,7.0,100.0,14.0,30.0,0.0,18.0,590.0,2.0,0.0,0.975,10.0,1.0,12.0,22.0,7.26,10.0,35.0,28.0,30.0,0.0,163.4945,200.0,93.0,14.0,40.0,228.2,174.746,5.0,773.0,0.0
269,269,2025/03/22 23:00:15,0,b'250316_dmd0_iterative_compensation_pinning.pkl',2.0,100.0,8.0,100.0,14.0,30.0,0.0,18.0,590.0,1.0,0.0,0.975,10.0,1.0,12.0,22.0,7.26,10.0,35.0,28.0,30.0,0.0,163.4945,200.0,93.0,14.0,40.0,228.2,174.746,5.0,773.0,0.0
270,270,2025/03/22 23:00:33,0,b'250316_dmd0_iterative_compensation_pinning.pkl',2.0,100.0,0.0,100.0,14.0,30.0,0.0,18.0,590.0,0.0,0.0,0.975,10.0,1.0,12.0,22.0,7.26,10.0,35.0,28.0,30.0,0.0,163.4945,200.0,93.0,14.0,40.0,228.2,174.746,5.0,773.0,0.0
271,271,2025/03/22 23:00:51,0,b'250316_dmd0_iterative_compensation_pinning.pkl',2.0,100.0,1.0,100.0,14.0,30.0,0.0,18.0,590.0,2.0,0.0,0.975,10.0,1.0,12.0,22.0,7.26,10.0,35.0,28.0,30.0,0.0,163.4945,200.0,93.0,14.0,40.0,228.2,174.746,5.0,773.0,0.0
272,272,2025/03/22 23:01:09,0,b'250316_dmd0_iterative_compensation_pinning.pkl',2.0,100.0,2.0,100.0,14.0,30.0,0.0,18.0,590.0,1.0,0.0,0.975,10.0,1.0,12.0,22.0,7.26,10.0,35.0,28.0,30.0,0.0,163.4945,200.0,93.0,14.0,40.0,228.2,174.746,5.0,773.0,0.0
273,273,2025/03/22 23:01:27,0,b'250316_dmd0_iterative_compensation_pinning.pkl',2.0,100.0,3.0,100.0,14.0,30.0,0.0,18.0,590.0,2.0,0.0,0.975,10.0,1.0,12.0,22.0,7.26,10.0,35.0,28.0,30.0,0.0,163.4945,200.0,93.0,14.0,40.0,228.2,174.746,5.0,773.0,0.0
274,274,2025/03/22 23:01:45,0,b'250316_dmd0_iterative_compensation_pinning.pkl',2.0,100.0,4.0,100.0,14.0,30.0,0.0,18.0,590.0,1.0,0.0,0.975,10.0,1.0,12.0,22.0,7.26,10.0,35.0,28.0,30.0,0.0,163.4945,200.0,93.0,14.0,40.0,228.2,174.746,5.0,773.0,0.0
275,275,2025/03/22 23:02:04,0,b'250316_dmd0_iterative_compensation_pinning.pkl',2.0,100.0,5.0,100.0,14.0,30.0,0.0,18.0,590.0,2.0,0.0,0.975,10.0,1.0,12.0,22.0,7.26,10.0,35.0,28.0,30.0,0.0,163.4945,200.0,93.0,14.0,40.0,228.2,174.746,5.0,773.0,0.0
276,276,2025/03/22 23:02:22,0,b'250316_dmd0_iterative_compensation_pinning.pkl',2.0,100.0,6.0,100.0,14.0,30.0,0.0,18.0,590.0,1.0,0.0,0.975,10.0,1.0,12.0,22.0,7.26,10.0,35.0,28.0,30.0,0.0,163.4945,200.0,93.0,14.0,40.0,228.2,174.746,5.0,773.0,0.0
277,277,2025/03/22 23:02:40,0,b'250316_dmd0_iterative_compensation_pinning.pkl',2.0,100.0,7.0,100.0,14.0,30.0,0.0,18.0,590.0,2.0,0.0,0.975,10.0,1.0,12.0,22.0,7.26,10.0,35.0,28.0,30.0,0.0,163.4945,200.0,93.0,14.0,40.0,228.2,174.746,5.0,773.0,0.0
278,278,2025/03/22 23:02:58,0,b'250316_dmd0_iterative_compensation_pinning.pkl',2.0,100.0,8.0,100.0,14.0,30.0,0.0,18.0,590.0,1.0,0.0,0.975,10.0,1.0,12.0,22.0,7.26,10.0,35.0,28.0,30.0,0.0,163.4945,200.0,93.0,14.0,40.0,228.2,174.746,5.0,773.0,0.0
279,279,2025/03/22 23:03:16,0,b'250316_dmd0_iterative_compensation_pinning.pkl',2.0,100.0,0.0,100.0,14.0,30.0,0.0,18.0,590.0,0.0,0.0,0.975,10.0,1.0,12.0,22.0,7.26,10.0,35.0,28.0,30.0,0.0,163.4945,200.0,93.0,14.0,40.0,228.2,174.746,5.0,773.0,0.0
280,280,2025/03/22 23:03:34,0,b'250316_dmd0_iterative_compensation_pinning.pkl',2.0,100.0,1.0,100.0,14.0,30.0,0.0,18.0,590.0,2.0,0.0,0.975,10.0,1.0,12.0,22.0,7.26,10.0,35.0,28.0,30.0,0.0,163.4945,200.0,93.0,14.0,40.0,228.2,174.746,5.0,773.0,0.0
281,281,2025/03/22 23:03:52,0,b'250316_dmd0_iterative_compensation_pinning.pkl',2.0,100.0,2.0,100.0,14.0,30.0,0.0,18.0,590.0,1.0,0.0,0.975,10.0,1.0,12.0,22.0,7.26,10.0,35.0,28.0,30.0,0.0,163.4945,200.0,93.0,14.0,40.0,228.2,174.746,5.0,773.0,0.0
282,282,2025/03/22 23:04:11,0,b'250316_dmd0_iterative_compensation_pinning.pkl',2.0,100.0,3.0,100.0,14.0,30.0,0.0,18.0,590.0,2.0,0.0,0.975,10.0,1.0,12.0,22.0,7.26,10.0,35.0,28.0,30.0,0.0,163.4945,200.0,93.0,14.0,40.0,228.2,174.746,5.0,773.0,0.0
283,283,2025/03/22 23:04:29,0,b'250316_dmd0_iterative_compensation_pinning.pkl',2.0,100.0,4.0,100.0,14.0,30.0,0.0,18.0,590.0,1.0,0.0,0.975,10.0,1.0,12.0,22.0,7.26,10.0,35.0,28.0,30.0,0.0,163.4945,200.0,93.0,14.0,40.0,228.2,174.746,5.0,773.0,0.0
284,284,2025/03/22 23:04:47,0,b'250316_dmd0_iterative_compensation_pinning.pkl',2.0,100.0,5.0,100.0,14.0,30.0,0.0,18.0,590.0,2.0,0.0,0.975,10.0,1.0,12.0,22.0,7.26,10.0,35.0,28.0,30.0,0.0,163.4945,200.0,93.0,14.0,40.0,228.2,174.746,5.0,773.0,0.0
